isbsg_project_id,project_prf_year_of_project,external_eef_organisation_type,project_prf_application_type,tech_tf_primary_programming_language,project_prf_functional_size,project_prf_normalised_work_effort_level_1,project_prf_normalised_work_effort,project_prf_normalised_level_1_pdr_ufp,project_prf_normalised_pdr_ufp,project_prf_defect_density,project_prf_speed_of_delivery,project_prf_manpower_delivery_rate,project_prf_project_elapsed_time,project_prf_max_team_size,process_pmf_docs,tech_tf_tools_used,people_prf_ba_team_experience_less_than_1_yr,people_prf_ba_team_experience_1_to_3_yr,people_prf_ba_team_experience_great_than_3_yr,people_prf_it_experience_less_than_3_yr,people_prf_it_experience_3_to_9_yr,people_prf_it_experience_great_than_9_yr,people_prf_project_manage_experience,people_prf_project_manage_changes,people_prf_personnel_changes,process_pmf_development_methodologies_agile_development,process_pmf_development_methodologies_iterative,process_pmf_development_methodologies_missing,process_pmf_development_methodologies_multifunctional_teams,process_pmf_development_methodologies_scrum,process_pmf_development_methodologies_spiral,process_pmf_development_methodologies_unified_process,process_pmf_development_methodologies_waterfall_incl_linear_processing_and_ssadm,tech_tf_client_roles_business_logic_or_rule_processing,tech_tf_client_roles_data_entry_and_validation,tech_tf_client_roles_data_retrieval_and_presentation,tech_tf_client_roles_missing,tech_tf_client_roles_run_a_computer_human_interface,tech_tf_client_roles_security,tech_tf_client_roles_web_public_interface,tech_tf_client_roles_web_html_browser,tech_tf_server_roles_database_server,tech_tf_server_roles_file_print_server,tech_tf_server_roles_ftp_server,tech_tf_server_roles_html_web_server,tech_tf_server_roles_mail_server,tech_tf_server_roles_messaging_server,tech_tf_server_roles_missing,tech_tf_server_roles_multi_user_legacy_application,tech_tf_server_roles_object_component_server,tech_tf_server_roles_security_authentication,external_eef_industry_sector_Service_Industry,project_prf_application_group_Business_Application,project_prf_application_group_Mathematically_Intensive_Application,project_prf_application_group_Missing,project_prf_application_group_Real_Time_Application,project_prf_application_group_business_application,project_prf_application_group_missing,project_prf_development_type_Enhancement,project_prf_development_type_New_Development,project_prf_development_type_Re_development,tech_tf_development_platform_MF,tech_tf_development_platform_MR,tech_tf_development_platform_Missing,tech_tf_development_platform_Multi,tech_tf_development_platform_PC,tech_tf_development_platform_Proprietary,tech_tf_language_type_2GL,tech_tf_language_type_3GL,tech_tf_language_type_4GL,tech_tf_language_type_5GL,tech_tf_language_type_Missing,functional_size_group_L_1000_2999,functional_size_group_M_100_999,functional_size_group_S_100,project_prf_relative_size_L,project_prf_relative_size_M1,project_prf_relative_size_M2,project_prf_relative_size_Missing,project_prf_relative_size_S,project_prf_relative_size_XS,project_prf_team_size_group_15_20,project_prf_team_size_group_2,project_prf_team_size_group_21_30,project_prf_team_size_group_3_4,project_prf_team_size_group_31_40,project_prf_team_size_group_5_8,project_prf_team_size_group_9_14,project_prf_team_size_group_Missing,project_prf_case_tool_used_Missing,project_prf_case_tool_used_No,project_prf_case_tool_used_Yes,tech_tf_architecture_Client_server,tech_tf_architecture_Missing,tech_tf_architecture_Multi_tier,tech_tf_architecture_Multi_tier_with_web_public_interface,tech_tf_architecture_Stand_alone,tech_tf_architecture_Stand_alone_1,tech_tf_client_server_Don_t_Know,tech_tf_client_server_Missing,tech_tf_client_server_No,tech_tf_client_server_Not_Applicable,tech_tf_client_server_Yes,tech_tf_dbms_used_Missing,tech_tf_dbms_used_No,tech_tf_dbms_used_Yes,external_eef_data_quality_rating_A,external_eef_data_quality_rating_B,external_eef_data_quality_rating_C
10059,2006,community services; government,customer billing/relationship management,C#,568.0,7936.0,7936.0,14.0,14.0,17.75,37.9,2.5,15.0,6.5,9,0,1.0,2.0,5.0,0.5,2.0,4.0,10.0,0.0,0.0,1,0,0,0,0,0,0,0,0,0,0,1,0,0,0,0,0,0,0,0,0,0,1,0,0,0,True,True,False,False,False,False,False,False,True,False,False,False,True,False,False,False,False,True,False,False,False,False,True,False,False,False,True,False,False,False,False,False,False,False,False,False,False,True,True,False,False,False,True,False,False,False,False,False,True,False,False,False,True,False,False,False,False,False
10388,2009,citizens and the municipalities,stock control & order processing,ASP.Net,139.0,5062.0,5062.0,36.4,36.4,7.2,12.6,1.3,11.0,10.0,16,2,1.0,2.0,10.0,0.5,1.0,9.0,6.0,1.0,1.0,1,0,0,0,0,0,0,0,0,0,0,1,0,0,0,0,0,0,0,0,0,0,1,0,0,0,True,True,False,False,False,False,False,True,False,False,False,False,False,True,False,False,False,False,True,False,False,False,True,False,False,True,False,False,False,False,False,False,False,False,False,False,True,False,True,False,False,True,False,False,False,False,False,False,False,False,False,True,False,False,True,False,False,False
10426,2008,car rental,customer relationship management,C#,90.0,2006.0,2006.0,22.3,22.3,0.0,18.0,2.3,5.0,8.0,16,7,1.0,2.0,3.0,0.5,2.0,3.0,6.0,0.0,1.0,1,0,0,0,0,0,0,0,1,1,1,0,1,0,1,1,1,0,1,1,1,1,0,0,1,1,True,True,False,False,False,False,False,False,True,False,False,False,False,False,True,False,False,True,False,False,False,False,False,True,False,False,False,False,True,False,False,False,False,False,False,True,False,False,False,False,True,False,False,False,True,False,False,False,False,False,False,True,False,False,True,False,False,False
11055,2011,transport & storage; wholesale & retail trade,financial transaction process/accounting,C#,81.0,360.0,360.0,4.4,4.4,17.75,20.3,6.8,4.0,3.0,14,0,1.0,2.0,5.0,0.5,2.0,4.0,10.0,0.0,0.0,1,0,0,0,0,0,0,0,0,1,1,0,1,1,0,1,1,1,0,1,0,0,0,1,0,0,True,True,False,False,False,False,False,True,False,False,False,True,False,False,False,False,False,True,False,False,False,False,False,True,False,False,False,False,True,False,False,False,False,True,False,False,False,False,True,False,False,True,False,False,False,False,False,False,False,False,False,True,True,False,False,False,False,False
11262,2009,airport,airport weather observation systems; meteorological  events detection,Java,248.0,6443.0,6943.0,26.0,28.0,12.1,14.6,3.6,17.0,4.0,2,2,1.0,2.0,5.0,0.5,2.0,4.0,10.0,0.0,0.0,1,0,0,0,0,0,0,0,0,0,0,1,0,0,0,0,0,0,0,0,0,0,1,0,0,0,True,False,True,False,False,False,False,False,True,False,False,False,False,True,False,False,False,True,False,False,False,False,True,False,False,True,False,False,False,False,False,False,False,True,False,False,False,False,True,False,False,True,False,False,False,False,False,False,False,False,False,True,False,False,True,False,False,False
11278,2010,community services,complex process control; workflow support & management,JavaScript,89.0,4036.0,4036.0,45.3,45.3,56.2,17.8,2.0,5.0,9.0,16,2,3.0,1.0,5.0,0.0,5.0,4.0,3.0,0.0,3.0,1,0,0,0,0,0,0,0,0,1,1,0,0,0,0,1,0,0,0,1,0,0,0,0,0,1,True,True,False,False,False,False,False,True,False,False,False,False,False,True,False,False,False,True,False,False,False,False,False,True,False,False,False,False,True,False,False,False,False,False,False,False,True,False,False,True,False,True,False,False,False,False,False,False,False,False,False,True,False,False,True,False,False,False
11647,2006,post/mail services,missing,Java,748.0,16088.0,16088.0,21.5,21.5,17.75,93.5,2.5,8.0,6.5,3,0,1.0,2.0,5.0,0.5,2.0,4.0,10.0,0.0,0.0,1,0,0,0,0,0,0,0,0,0,0,1,0,0,0,0,0,0,0,0,0,0,1,0,0,0,True,True,False,False,False,False,False,False,True,False,False,False,False,True,False,False,False,True,False,False,False,False,True,False,False,False,True,False,False,False,False,False,False,False,False,False,False,True,True,False,False,True,False,False,False,False,False,False,False,False,False,True,True,False,False,False,False,False
11966,2007,community services; government,catalogue/register of things or events; management or performance reporting,C#,95.0,1044.0,1044.0,11.0,11.0,10.5,9.5,1.9,10.0,5.0,13,4,1.0,1.0,3.0,1.0,1.0,3.0,0.0,0.0,0.0,1,0,0,0,0,0,0,0,0,0,0,1,0,0,0,0,0,0,0,0,0,0,1,0,0,0,True,True,False,False,False,False,False,False,True,False,False,False,False,False,True,False,False,True,False,False,False,False,False,True,False,False,False,False,True,False,False,False,False,False,False,True,False,False,True,False,False,False,False,False,False,False,True,False,False,True,False,False,False,True,False,False,False,False
12301,2010,"agriculture, forestry, fishing, hunting; transport & storage",distribution,.Net,211.0,1021.0,1021.0,4.8,4.8,17.75,19.8,2.5,8.5,6.0,15,2,4.0,2.0,5.0,0.5,2.0,4.0,20.0,0.0,0.0,1,0,0,0,0,0,0,0,1,1,1,0,0,0,0,0,1,0,0,0,0,0,0,0,0,0,True,True,False,False,False,False,False,False,True,False,False,False,False,False,True,False,False,False,True,False,False,False,True,False,False,True,False,False,False,False,False,False,False,False,False,True,False,False,False,True,False,True,False,False,False,False,False,False,False,False,False,True,False,False,True,False,False,False
12498,2006,community services,financial transaction process/accounting,ABAP,396.0,6051.0,6051.0,15.3,15.3,17.75,24.8,2.5,16.0,10.0,14,4,2.0,2.0,8.0,1.0,4.0,5.0,8.0,1.0,0.0,1,0,0,0,0,0,0,0,0,0,1,0,1,0,0,1,1,1,0,1,0,0,0,0,0,1,True,True,False,False,False,False,False,False,True,False,False,False,False,True,False,False,False,False,True,False,False,False,True,False,False,False,True,False,False,False,False,False,False,False,False,False,True,False,True,False,False,True,False,False,False,False,False,False,False,False,False,True,False,False,True,False,False,False
12581,2010,airport,airport weather observation systems; meteorological  events detection,Java,214.0,8320.0,9170.0,38.9,42.9,18.7,6.5,1.6,33.0,4.0,2,2,1.0,2.0,5.0,0.5,2.0,4.0,10.0,0.0,0.0,1,0,0,0,0,0,0,0,0,0,0,1,0,0,0,0,0,0,0,0,0,0,1,0,0,0,True,False,True,False,False,False,False,False,True,False,False,False,False,True,False,False,False,True,False,False,False,False,True,False,False,True,False,False,False,False,False,False,False,True,False,False,False,False,True,False,False,True,False,False,False,False,False,False,False,False,False,True,False,False,True,False,False,False
13120,2015,"art , events , ticketing","customer billing; document management; financial transaction process/accounting; online analysis and reporting; reservation system (eg. airline, hotel); stock control & order processing; workflow support & management",Java,46.0,20.0,28.0,0.4,0.6,43.5,23.0,11.5,2.0,2.0,7,0,1.0,2.0,5.0,0.5,2.0,4.0,10.0,0.0,0.0,1,0,0,0,0,0,0,0,0,0,0,1,0,0,0,0,0,0,0,0,0,0,1,0,0,0,True,True,False,False,False,False,False,False,False,True,False,False,False,False,True,False,False,True,False,False,False,False,False,True,False,False,False,False,True,False,False,True,False,False,False,False,False,False,True,False,False,False,False,False,False,True,False,False,True,False,False,False,False,False,True,False,False,False
13178,2007,transport & storage,missing,Java,361.0,692.0,692.0,1.9,1.9,17.75,164.1,2.5,2.2,6.5,8,2,1.0,2.0,5.0,0.5,2.0,4.0,10.0,0.0,0.0,1,0,0,0,0,0,0,0,0,0,0,1,0,0,0,0,0,0,0,0,0,0,1,0,0,0,True,False,False,True,False,False,False,False,True,False,False,False,False,False,True,False,False,True,False,False,False,False,True,False,False,False,True,False,False,False,False,False,False,False,False,False,False,True,True,False,False,False,True,False,False,False,False,False,True,False,False,False,True,False,False,False,False,False
14525,2010,community services; government; public administration,catalogue/register of things or events,C#,695.0,19606.0,19606.0,28.2,28.2,59.0,36.6,1.4,19.0,26.0,17,2,5.0,5.0,16.0,2.0,0.0,24.0,10.0,2.0,2.0,1,0,0,0,1,0,0,0,1,1,1,0,0,0,0,0,1,0,0,0,0,0,0,0,0,0,True,True,False,False,False,False,False,True,False,False,False,False,False,True,False,False,False,True,False,False,False,False,True,False,False,False,True,False,False,False,False,False,True,False,False,False,False,False,True,False,False,True,False,False,False,False,False,False,False,False,False,True,False,False,True,False,False,False
14621,2008,food processing,customer billing; financial transaction process/accounting,C++,23.0,248.0,248.0,10.8,10.8,173.9,15.3,5.1,1.5,3.0,15,2,1.0,2.0,1.0,1.0,1.0,1.0,20.0,0.0,0.0,1,0,0,0,0,0,0,0,0,0,0,1,0,0,0,0,0,0,0,0,0,0,1,0,0,0,True,True,False,False,False,False,False,False,True,False,False,False,False,False,True,False,False,True,False,False,False,False,False,True,False,False,False,False,False,True,False,False,False,True,False,False,False,False,False,True,False,False,False,False,False,True,False,False,False,True,False,False,False,False,True,False,False,False
15011,2010,transport & storage,auditing management,Proprietary Agile Platform,257.0,452.0,452.0,1.8,1.8,17.75,85.7,2.5,3.0,6.5,5,0,1.0,2.0,5.0,0.5,2.0,4.0,10.0,0.0,0.0,1,0,0,0,0,0,0,0,0,0,0,1,0,0,0,0,0,0,0,0,0,0,1,0,0,0,True,True,False,False,False,False,False,False,True,False,False,False,False,False,False,True,False,False,False,True,False,False,True,False,False,True,False,False,False,False,False,False,False,False,False,False,False,True,True,False,False,False,False,False,True,False,False,False,True,False,False,False,True,False,False,False,False,False
16446,2008,car rental,customer billing,C#,127.0,1972.0,1972.0,15.5,15.5,15.7,11.5,1.3,11.0,9.0,16,7,1.0,2.0,3.0,0.5,1.0,3.0,7.0,0.0,1.0,1,0,0,0,0,0,0,0,1,1,1,0,1,1,1,1,1,0,1,1,1,1,0,0,1,1,True,True,False,False,False,False,False,False,True,False,False,False,False,False,True,False,False,True,False,False,False,False,True,False,False,True,False,False,False,False,False,False,False,False,False,False,True,False,False,False,True,False,False,False,True,False,False,False,False,False,False,True,False,False,True,False,False,False
16624,2007,community services; government,"document management; job, case, incident, project management",C#,329.0,5760.0,5760.0,17.5,17.5,24.3,36.6,4.1,9.0,9.0,15,4,3.0,6.0,0.0,0.0,5.0,4.0,3.0,0.0,3.0,1,0,0,0,0,0,0,0,0,0,1,0,0,0,0,0,1,0,0,1,0,0,0,0,0,1,True,True,False,False,False,False,False,True,False,False,False,False,False,True,False,False,False,True,False,False,False,False,True,False,False,False,True,False,False,False,False,False,False,False,False,False,True,False,True,False,False,True,False,False,False,False,False,False,False,False,False,True,False,False,True,False,False,False
16712,2015,"art , events , ticketing","customer billing; document management; financial transaction process/accounting; online analysis and reporting; reservation system (eg. airline, hotel); stock control & order processing; workflow support & management",Java,97.0,20.0,89.0,0.2,0.9,51.5,32.3,16.2,3.0,2.0,7,0,1.0,2.0,5.0,0.5,2.0,4.0,10.0,0.0,0.0,1,0,0,0,0,0,0,0,0,0,0,1,0,0,0,0,0,0,0,0,0,0,1,0,0,0,True,True,False,False,False,False,False,False,True,False,False,False,False,False,True,False,False,True,False,False,False,False,False,True,False,False,False,False,True,False,False,True,False,False,False,False,False,False,True,False,False,False,False,False,False,True,False,False,True,False,False,False,False,False,True,False,False,False
16792,2009,community services; municipality,"job, case, incident, project management; software for communities to support administration",PL/I,312.0,7406.0,7406.0,23.7,23.7,0.0,52.0,3.7,6.0,14.0,13,2,5.0,1.0,8.0,2.0,0.0,12.0,10.0,1.0,4.0,1,0,0,0,0,0,0,0,0,0,0,1,0,0,0,0,0,0,0,0,0,0,1,0,0,0,True,True,False,False,False,False,False,True,False,False,True,False,False,False,False,False,False,True,False,False,False,False,True,False,False,False,True,False,False,False,False,False,False,False,False,False,True,False,False,True,False,False,False,False,False,True,False,False,False,True,False,False,False,False,True,False,False,False
17161,2008,community services; government,financial transaction process/accounting,PL/I,212.0,2966.0,2966.0,14.0,14.0,28.3,19.3,1.9,11.0,10.0,11,2,1.0,2.0,10.0,0.5,1.0,9.0,35.0,0.0,0.0,1,0,0,0,0,0,0,0,1,1,1,0,0,0,0,0,1,0,0,0,0,0,0,0,0,1,True,True,False,False,False,False,False,True,False,False,False,False,False,True,False,False,False,True,False,False,False,False,True,False,False,True,False,False,False,False,False,False,False,False,False,False,True,False,False,True,False,True,False,False,False,False,False,False,False,False,False,True,False,False,True,False,False,False
17275,2010,transport & storage,security controls,Proprietary Agile Platform,168.0,312.0,312.0,1.9,1.9,17.75,56.0,2.5,3.0,6.5,5,0,1.0,2.0,5.0,0.5,2.0,4.0,10.0,0.0,0.0,1,0,0,0,0,0,0,0,0,0,0,1,0,0,0,0,0,0,0,0,0,0,1,0,0,0,True,True,False,False,False,False,False,False,True,False,False,False,False,False,False,True,False,False,False,True,False,False,True,False,False,True,False,False,False,False,False,False,False,False,False,False,False,True,True,False,False,False,False,False,True,False,False,False,True,False,False,False,True,False,False,False,False,False
17867,2011,transport & storage; wholesale & retail trade,financial transaction process/accounting,C#,40.0,81.0,81.0,2.0,2.0,17.75,10.0,3.3,4.0,3.0,14,0,1.0,2.0,5.0,0.5,2.0,4.0,10.0,0.0,1.0,1,0,0,0,0,0,0,0,0,1,1,0,1,1,0,1,1,1,0,1,0,0,0,1,0,0,True,True,False,False,False,False,False,True,False,False,False,True,False,False,False,False,False,True,False,False,False,False,False,True,False,False,False,False,True,False,False,False,False,True,False,False,False,False,True,False,False,True,False,False,False,False,False,False,False,False,False,True,True,False,False,False,False,False
18492,2007,community services,financial transaction process/accounting,PL/I,74.0,633.0,633.0,8.6,8.6,40.5,12.3,2.1,6.0,6.0,11,0,0.0,0.0,6.0,0.0,0.0,6.0,35.0,0.0,0.0,1,0,0,0,0,0,0,0,0,0,0,1,0,0,0,0,0,0,0,0,0,0,1,0,0,0,True,True,False,False,False,False,False,True,False,False,True,False,False,False,False,False,False,True,False,False,False,False,False,True,False,False,False,False,True,False,False,False,False,False,False,True,False,False,False,True,False,False,False,False,False,True,False,False,False,True,False,False,False,False,True,False,False,False
18878,2006,community services,online analysis and reporting,Missing,119.0,1877.0,1877.0,15.8,15.8,16.8,9.2,1.8,13.0,5.0,14,2,1.0,1.0,3.0,2.0,2.0,3.0,11.0,0.0,0.0,1,0,0,0,0,0,0,0,0,0,0,0,1,0,0,1,1,0,0,1,0,0,0,0,0,1,True,True,False,False,False,False,False,True,False,False,False,False,False,True,False,False,False,True,False,False,False,False,True,False,False,True,False,False,False,False,False,False,False,False,False,True,False,False,True,False,False,True,False,False,False,False,False,False,False,False,False,True,False,False,True,False,False,False
18954,2007,post,post exchange,C,773.0,46620.0,66768.0,60.3,86.4,3.9,105.9,2.9,7.3,37.0,9,3,15.0,10.0,8.0,15.0,2.0,4.0,8.0,0.0,3.0,1,0,0,0,0,0,0,0,0,1,1,0,0,0,0,0,1,0,0,0,0,0,0,0,0,1,True,True,False,False,False,False,False,False,True,False,False,False,False,True,False,False,False,True,False,False,False,False,True,False,False,False,True,False,False,False,False,False,False,False,True,False,False,False,True,False,False,True,False,False,False,False,False,False,False,False,False,True,False,False,True,False,False,False
19433,2006,community services,"job, case, incident, project management; workflow support & management",Visual Basic,110.0,596.0,596.0,5.4,5.4,9.1,18.3,9.2,6.0,2.0,13,2,1.0,2.0,2.0,0.5,1.0,1.0,25.0,0.0,0.0,1,0,0,0,0,0,0,0,0,0,0,1,0,0,0,0,0,0,0,0,0,0,1,0,0,0,True,True,False,False,False,False,False,True,False,False,False,False,False,False,True,False,False,False,True,False,False,False,True,False,False,True,False,False,False,False,False,True,False,False,False,False,False,False,True,False,False,False,False,False,False,True,False,False,False,True,False,False,False,False,True,False,False,False
19701,2009,air traffic management,air traffic management,C++,215.0,9344.0,9344.0,43.5,43.5,23.3,4.0,2.5,54.0,6.5,2,0,1.0,2.0,5.0,0.5,2.0,4.0,10.0,0.0,0.0,1,0,0,0,0,0,0,0,0,0,0,1,0,0,0,0,0,0,0,0,0,0,1,0,0,0,True,False,False,False,True,False,False,False,True,False,False,True,False,False,False,False,False,True,False,False,False,False,True,False,False,True,False,False,False,False,False,False,False,False,False,False,False,True,True,False,False,False,True,False,False,False,False,False,True,False,False,False,False,False,True,False,False,False
19858,2010,community services,online analysis and reporting,C#,219.0,3080.0,3080.0,14.1,14.1,22.8,18.3,2.3,12.0,8.0,14,2,1.0,1.0,6.0,2.0,6.0,0.0,23.0,0.0,1.0,1,0,0,0,0,0,0,0,0,0,0,1,0,0,0,0,0,0,0,0,0,0,1,0,0,0,True,True,False,False,False,False,False,True,False,False,False,False,False,True,False,False,False,True,False,False,False,False,True,False,False,True,False,False,False,False,False,False,False,False,False,True,False,False,False,True,False,True,False,False,False,False,False,False,False,False,False,True,False,False,True,False,False,False
19859,2012,surveillance & security,electronic data interchange,C#,82.0,225.0,225.0,2.7,2.7,17.75,19.8,2.5,8.5,2.0,11,4,1.0,2.0,5.0,0.5,2.0,4.0,3.0,0.0,0.0,1,0,0,0,0,0,0,0,1,1,1,0,1,0,0,0,1,0,0,0,0,0,0,0,0,0,True,True,False,False,False,False,False,True,False,False,False,False,False,False,True,False,False,True,False,False,False,False,False,True,False,False,False,False,True,False,False,True,False,False,False,False,False,False,True,False,False,True,False,False,False,False,False,False,False,False,False,True,False,False,True,False,False,False
20382,2010,community services; invoice-handling,catalogue/register of things or events; electronic data interchange; financial transaction process/accounting,Visual Basic,361.0,13151.0,13151.0,36.4,36.4,22.2,15.0,0.7,24.0,23.0,15,2,2.0,9.0,12.0,1.0,7.0,15.0,15.0,2.0,2.0,1,0,0,0,0,0,0,0,1,1,1,0,0,0,0,0,1,0,0,0,0,0,0,0,0,1,True,True,False,False,False,False,False,True,False,False,False,False,False,True,False,False,False,True,False,False,False,False,True,False,False,False,True,False,False,False,False,False,True,False,False,False,False,False,False,True,False,True,False,False,False,False,False,False,False,False,False,True,False,False,True,False,False,False
20566,2007,transport & storage,missing,Java,337.0,488.0,488.0,1.4,1.4,17.75,153.2,2.5,2.2,6.5,7,2,1.0,2.0,5.0,0.5,2.0,4.0,10.0,0.0,0.0,1,0,0,0,0,0,0,0,0,0,0,1,0,0,0,0,0,0,0,0,0,0,1,0,0,0,True,False,False,True,False,False,False,False,True,False,False,False,False,False,True,False,False,True,False,False,False,False,True,False,False,False,True,False,False,False,False,False,False,False,False,False,False,True,True,False,False,False,True,False,False,False,False,False,True,False,False,False,True,False,False,False,False,False
21167,2009,community services,online analysis and reporting,C#,222.0,2121.0,2121.0,9.6,9.6,31.5,31.7,4.5,7.0,7.0,14,2,1.0,2.0,4.0,0.0,5.0,2.0,21.0,0.0,0.0,1,0,0,0,0,0,0,0,0,0,0,1,0,0,0,0,0,0,0,0,0,0,1,0,0,0,True,True,False,False,False,False,False,True,False,False,False,False,False,True,False,False,False,True,False,False,False,False,True,False,False,True,False,False,False,False,False,False,False,False,False,True,False,False,False,True,False,True,False,False,False,False,False,False,False,False,False,True,False,False,True,False,False,False
21796,2015,"art , events , ticketing","customer billing; document management; financial transaction process/accounting; online analysis and reporting; reservation system (eg. airline, hotel); stock control & order processing; workflow support & management",Java,57.0,20.0,107.0,0.4,1.9,52.6,19.0,9.5,3.0,2.0,7,0,1.0,2.0,5.0,0.5,2.0,4.0,10.0,0.0,0.0,1,0,0,0,0,0,0,0,0,0,0,1,0,0,0,0,0,0,0,0,0,0,1,0,0,0,True,True,False,False,False,False,False,False,True,False,False,False,False,False,True,False,False,True,False,False,False,False,False,True,False,False,False,False,True,False,False,True,False,False,False,False,False,False,True,False,False,False,False,False,False,True,False,False,True,False,False,False,False,False,True,False,False,False
22107,2008,community services,logistic or supply planning & control; management or performance reporting,PL/I,121.0,2706.0,2706.0,22.4,22.4,16.5,13.4,0.9,9.0,15.0,14,2,0.0,5.0,10.0,0.0,2.0,7.0,4.0,0.0,0.0,1,0,0,0,0,0,0,0,1,1,1,0,0,0,0,0,1,0,0,0,0,0,0,0,0,0,True,True,False,False,False,False,False,True,False,False,False,False,False,True,False,False,False,True,False,False,False,False,True,False,False,True,False,False,False,False,True,False,False,False,False,False,False,False,False,True,False,True,False,False,False,False,False,False,False,False,False,True,False,False,True,False,False,False
22301,2010,community services,financial transaction process/accounting,ABAP,180.0,3069.0,3069.0,17.1,17.1,17.75,45.0,3.5,4.0,13.0,14,4,4.0,1.0,8.0,0.0,6.0,7.0,10.0,1.0,0.0,1,0,0,0,0,0,0,0,0,0,0,1,0,0,0,0,0,0,0,0,0,0,1,0,0,0,True,True,False,False,False,False,False,True,False,False,False,False,False,True,False,False,False,False,True,False,False,False,True,False,False,True,False,False,False,False,False,False,False,False,False,False,True,False,False,True,False,True,False,False,False,False,False,False,False,False,False,True,False,False,True,False,False,False
22347,2010,community services,complex process control; workflow support & management,JavaScript,399.0,7037.0,7037.0,17.6,17.6,22.6,49.9,4.5,8.0,11.0,16,2,0.0,3.0,8.0,1.0,6.0,4.0,12.0,0.0,0.0,1,0,0,0,0,0,0,0,0,1,1,0,0,0,0,1,0,0,0,1,0,0,0,0,0,1,True,True,False,False,False,False,False,False,True,False,False,False,False,True,False,False,False,True,False,False,False,False,True,False,False,False,True,False,False,False,False,False,False,False,False,False,True,False,False,True,False,True,False,False,False,False,False,False,False,False,False,True,False,False,True,False,False,False
22450,2009,community services,logistic or supply planning & control,.Net,236.0,3396.0,3396.0,14.4,14.4,12.7,23.6,5.9,10.0,4.0,15,2,0.0,2.0,2.0,0.0,1.0,3.0,8.0,0.0,0.0,1,0,0,0,0,0,0,0,0,1,1,0,0,0,1,1,1,0,0,1,0,0,0,0,0,0,True,True,False,False,False,False,False,True,False,False,False,False,False,True,False,False,False,False,True,False,False,False,True,False,False,True,False,False,False,False,False,False,False,True,False,False,False,False,False,True,False,False,False,False,True,False,False,False,False,False,False,True,False,False,True,False,False,False
23909,2007,community services; government,workflow support & management,C#,325.0,3709.0,3709.0,11.4,11.4,9.2,29.5,4.9,11.0,6.0,14,2,0.0,2.0,4.0,0.0,1.0,5.0,30.0,0.0,2.0,1,0,0,0,0,0,0,0,0,0,0,1,0,0,0,0,0,0,0,0,0,0,1,0,0,0,True,True,False,False,False,False,False,True,False,False,False,False,False,True,False,False,False,True,False,False,False,False,True,False,False,False,True,False,False,False,False,False,False,False,False,True,False,False,True,False,False,True,False,False,False,False,False,False,False,False,False,True,False,False,True,False,False,False
24389,2011,transport & storage; wholesale & retail trade,logistic or supply planning & control,Java,99.0,1002.0,1002.0,10.1,10.1,17.75,11.0,1.2,9.0,9.0,12,0,1.0,2.0,5.0,0.5,2.0,4.0,10.0,2.0,2.0,1,0,0,0,0,0,0,0,0,1,1,0,1,1,0,1,1,1,0,1,0,0,0,1,0,0,True,True,False,False,False,False,False,True,False,False,False,True,False,False,False,False,False,True,False,False,False,False,False,True,False,False,False,False,True,False,False,False,False,False,False,False,True,False,True,False,False,True,False,False,False,False,False,False,False,False,False,True,True,False,False,False,False,False
24745,2006,transport & storage,geographic or spatial information system,C++,199.0,1863.0,6183.0,14.0,14.0,17.75,19.8,2.5,2.1,9.0,7,4,1.0,7.0,5.0,5.0,2.0,4.0,10.0,0.0,0.0,1,0,0,0,0,0,0,0,0,0,0,0,1,0,0,0,0,0,0,0,1,0,0,1,0,0,True,False,True,False,False,False,False,True,False,False,False,False,False,False,True,False,False,True,False,False,False,False,False,True,False,False,False,True,False,False,False,False,False,False,False,False,True,False,True,False,False,True,False,False,False,False,False,False,False,False,False,True,False,False,True,False,False,False
24820,2006,community services; government,"document management; job, case, incident, project management",C#,277.0,6809.0,6809.0,24.6,24.6,54.2,30.8,4.4,9.0,7.0,14,4,7.0,2.0,5.0,2.0,3.0,2.0,11.0,0.0,0.0,1,0,0,0,0,0,0,0,0,0,1,0,0,0,0,0,1,0,0,1,0,0,0,0,0,1,True,True,False,False,False,False,False,False,True,False,False,False,False,True,False,False,False,True,False,False,False,False,True,False,False,True,False,False,False,False,False,False,False,False,False,True,False,False,True,False,False,True,False,False,False,False,False,False,False,False,False,True,False,False,True,False,False,False
25120,2006,community services; government,financial transaction process/accounting,PL/I,148.0,2100.0,2100.0,14.2,14.2,33.8,12.3,2.5,12.0,5.0,12,2,1.0,2.0,5.0,0.5,2.0,5.0,35.0,0.0,0.0,1,0,0,0,0,0,0,0,0,0,0,1,0,0,0,0,0,0,0,0,0,0,1,0,0,0,True,True,False,False,False,False,False,True,False,False,False,False,False,True,False,False,False,True,False,False,False,False,True,False,False,True,False,False,False,False,False,False,False,False,False,True,False,False,False,True,False,False,False,True,False,False,False,False,False,True,False,False,False,False,True,False,False,False
25415,2010,transport & storage,airport management,Proprietary Agile Platform,679.0,326.0,326.0,0.5,0.5,17.75,169.8,2.5,4.0,6.5,5,0,1.0,2.0,5.0,0.5,2.0,4.0,10.0,0.0,0.0,1,0,0,0,0,0,0,0,0,0,0,1,0,0,0,0,0,0,0,0,0,0,1,0,0,0,True,True,False,False,False,False,False,False,True,False,False,False,False,False,False,True,False,False,False,True,False,False,True,False,False,False,True,False,False,False,False,False,False,False,False,False,False,True,True,False,False,False,False,False,True,False,False,False,True,False,False,False,True,False,False,False,False,False
25420,2007,community services; government,financial transaction process/accounting,PL/I,87.0,1100.0,1100.0,12.6,12.6,23.0,7.3,1.2,12.0,6.0,11,2,1.0,2.0,6.0,0.5,2.0,6.0,35.0,0.0,0.0,1,0,0,0,0,0,0,0,0,0,0,1,0,0,0,0,0,0,0,0,0,0,1,0,0,0,True,True,False,False,False,False,False,True,False,False,False,False,False,True,False,False,False,True,False,False,False,False,False,True,False,False,False,False,True,False,False,False,False,False,False,True,False,False,False,True,False,False,False,True,False,False,False,False,False,True,False,False,False,False,True,False,False,False
25546,2011,transport & storage; wholesale & retail trade,logistic or supply planning & control,Missing,48.0,239.0,239.0,5.0,5.0,17.75,5.3,1.3,9.0,4.0,14,0,1.0,2.0,5.0,0.5,2.0,4.0,10.0,0.0,0.0,1,0,0,0,0,0,0,0,0,1,1,0,1,1,0,1,1,1,0,1,0,0,0,1,0,0,True,True,False,False,False,False,False,True,False,False,False,True,False,False,False,False,False,False,False,False,True,False,False,True,False,False,False,False,True,False,False,False,False,True,False,False,False,False,True,False,False,True,False,False,False,False,False,False,False,False,False,True,True,False,False,False,False,False
25559,2012,surveillance & security,electronic data interchange,C#,45.0,125.0,125.0,2.8,2.8,17.75,19.8,2.5,8.5,2.0,11,4,1.0,1.0,5.0,0.5,2.0,4.0,3.0,0.0,0.0,1,0,0,0,0,0,0,0,1,1,1,0,1,0,0,0,1,0,0,0,0,0,0,0,0,0,True,True,False,False,False,False,False,True,False,False,False,False,False,False,True,False,False,True,False,False,False,False,False,True,False,False,False,False,True,False,False,True,False,False,False,False,False,False,True,False,False,True,False,False,False,False,False,False,False,False,False,True,False,False,True,False,False,False
25611,2010,community services,complex process control; financial transaction process/accounting; logistic or supply planning & control,ABAP,198.0,8012.0,8012.0,40.5,40.5,0.0,18.0,1.4,11.0,13.0,16,4,0.0,0.0,13.0,0.0,8.0,5.0,8.0,3.0,2.0,1,0,0,0,0,0,0,0,0,0,0,1,0,0,0,0,0,0,0,0,0,0,1,0,0,0,True,True,False,False,False,False,False,True,False,False,False,False,False,True,False,False,False,False,True,False,False,False,True,False,False,True,False,False,False,False,False,False,False,False,False,False,True,False,False,True,False,True,False,False,False,False,False,False,False,False,False,True,False,True,False,False,False,False
25737,2008,community services,logistic or supply planning & control; management or performance reporting,PL/I,61.0,1488.0,1488.0,24.4,24.4,16.4,5.1,0.8,12.0,6.0,14,2,0.0,0.0,4.0,0.0,0.0,2.0,3.0,0.0,0.0,1,0,0,0,0,0,0,0,1,1,0,0,0,0,0,0,1,0,0,0,0,0,0,0,0,0,True,True,False,False,False,False,False,True,False,False,False,False,False,True,False,False,False,True,False,False,False,False,False,True,False,False,False,False,True,False,False,False,False,False,False,True,False,False,False,True,False,True,False,False,False,False,False,False,False,False,False,True,False,False,True,False,False,False
26195,2009,community services; institutions eg. kindergartens,online analysis and reporting,ABAP,211.0,4393.0,4393.0,20.8,20.8,17.75,26.4,2.5,8.0,6.5,16,2,1.0,8.0,5.0,8.0,2.0,4.0,8.0,0.0,0.0,1,0,0,0,0,0,0,0,0,0,0,1,0,0,0,0,0,0,0,0,0,0,1,0,0,0,True,True,False,False,False,False,False,True,False,False,False,False,False,True,False,False,False,False,True,False,False,False,True,False,False,True,False,False,False,False,False,False,False,False,False,False,False,True,False,True,False,False,False,False,False,True,False,False,False,True,False,False,False,False,True,False,False,False
26577,2006,community services,financial transaction process/accounting,MS-Navision Properitory Language,199.0,914.0,1249.0,14.0,14.0,17.75,19.8,2.5,5.0,6.0,14,2,1.0,1.0,5.0,4.0,2.0,4.0,2.0,0.0,4.0,1,0,0,0,0,0,0,0,0,0,0,1,0,0,0,0,0,0,0,0,0,0,1,0,0,0,True,True,False,False,False,False,False,False,True,False,False,False,False,False,True,False,False,False,False,False,True,False,False,True,False,False,False,True,False,False,False,False,False,False,False,True,False,False,True,False,False,False,False,False,False,True,False,False,False,True,False,False,False,False,True,False,False,False
26702,2009,transport & storage,workflow support & management,Java,86.0,911.0,911.0,10.6,10.6,209.3,28.7,5.7,3.0,5.0,15,3,1.0,2.0,4.0,0.5,3.0,4.0,10.0,0.0,0.0,1,0,0,0,0,0,0,0,0,0,0,1,0,0,0,0,1,0,0,0,0,0,0,1,1,0,True,True,False,False,False,False,False,False,True,False,False,True,False,False,False,False,False,True,False,False,False,False,False,True,False,False,False,False,True,False,False,False,False,False,False,True,False,False,False,False,True,False,False,False,False,True,False,False,False,True,False,False,False,False,True,False,False,False
26955,2009,community services; government,online analysis and reporting,ABAP,327.0,3899.0,3899.0,11.9,11.9,0.0,23.4,1.2,14.0,20.0,14,3,0.0,4.0,16.0,0.0,12.0,8.0,32.0,0.0,0.0,1,0,0,0,0,0,0,0,0,0,1,0,0,1,0,1,1,0,0,1,0,0,0,0,0,1,True,True,False,False,False,False,False,True,False,False,False,False,False,True,False,False,False,False,True,False,False,False,True,False,False,False,True,False,False,False,True,False,False,False,False,False,False,False,False,True,False,True,False,False,False,False,False,False,False,False,False,True,False,False,True,False,False,False
27610,2008,community services; government,catalogue/register of things or events; workflow support & management,C#,411.0,10955.0,10955.0,26.7,26.7,7.3,27.4,2.7,15.0,10.0,14,2,4.0,3.0,3.0,0.0,1.0,9.0,8.0,2.0,4.0,1,0,0,0,0,0,0,0,1,1,1,0,0,0,0,0,1,0,0,0,0,0,0,0,0,1,True,True,False,False,False,False,False,False,True,False,False,False,False,True,False,False,False,False,True,False,False,False,True,False,False,False,True,False,False,False,False,False,False,False,False,False,True,False,True,False,False,True,False,False,False,False,False,False,False,False,False,True,False,False,True,False,False,False
27771,2007,transport & storage,missing,SQL,199.0,308.0,308.0,1.5,1.5,17.75,90.5,2.5,2.2,6.5,8,2,1.0,2.0,5.0,0.5,2.0,4.0,10.0,0.0,0.0,1,0,0,0,0,0,0,0,0,0,0,1,0,0,0,0,0,0,0,0,0,0,1,0,0,0,True,False,False,True,False,False,False,False,True,False,True,False,False,False,False,False,False,False,True,False,False,False,True,False,False,True,False,False,False,False,False,False,False,False,False,False,False,True,True,False,False,False,False,False,False,True,False,False,True,False,False,False,True,False,False,False,False,False
28026,2006,post/mail services,missing,Java,420.0,6031.0,6031.0,14.4,14.4,17.75,52.5,2.5,8.0,6.5,3,0,1.0,2.0,5.0,0.5,2.0,4.0,10.0,0.0,0.0,1,0,0,0,0,0,0,0,0,0,0,1,0,0,0,0,0,0,0,0,0,0,1,0,0,0,True,True,False,False,False,False,False,False,True,False,False,False,False,True,False,False,False,True,False,False,False,False,True,False,False,False,True,False,False,False,False,False,False,False,False,False,False,True,True,False,False,True,False,False,False,False,False,False,False,False,False,True,True,False,False,False,False,False
29462,2006,community services,financial transaction process/accounting,PL/I,49.0,323.0,323.0,6.6,6.6,0.0,16.3,4.1,3.0,4.0,14,2,0.0,0.0,4.0,0.0,0.0,0.0,32.0,0.0,0.0,1,0,0,0,0,0,0,0,0,0,0,1,0,0,0,0,0,0,0,0,0,0,1,0,0,0,True,True,False,False,False,False,False,True,False,False,True,False,False,False,False,False,False,True,False,False,False,False,False,True,False,False,False,False,True,False,False,False,False,True,False,False,False,False,False,True,False,False,False,False,False,True,False,False,False,True,False,False,False,False,True,False,False,False
30367,2009,community services; government,catalogue/register of things or events,PL/I,117.0,3549.0,3549.0,30.3,30.3,0.0,16.7,1.7,7.0,10.0,17,2,0.0,4.0,6.0,0.0,6.0,4.0,13.0,0.0,0.0,1,0,0,0,0,0,0,0,0,0,0,1,0,0,0,0,0,0,0,0,0,0,1,0,0,0,True,True,False,False,False,False,False,True,False,False,False,False,False,True,False,False,False,True,False,False,False,False,True,False,False,True,False,False,False,False,False,False,False,False,False,False,True,False,False,True,False,True,False,False,False,False,False,False,False,False,False,True,False,False,True,False,False,False
30792,2009,"agriculture, forestry, fishing, hunting",electronic data interchange; logistic or supply planning & control; stock control & order processing,C#,1958.0,9978.0,10674.0,5.1,5.5,32.2,150.6,11.6,13.0,13.0,2,2,1.0,2.0,5.0,0.5,2.0,4.0,10.0,0.0,0.0,1,0,0,0,0,0,0,0,0,0,0,1,0,0,0,0,0,0,0,0,0,0,1,0,0,0,True,True,False,False,False,False,False,False,True,False,False,False,False,False,True,False,False,True,False,False,False,True,False,False,True,False,False,False,False,False,False,False,False,False,False,False,True,False,True,False,False,False,False,False,False,True,False,False,True,False,False,False,False,False,True,False,False,False
31528,2009,community services,electronic data interchange,C#,90.0,1963.0,1963.0,21.8,21.8,11.1,5.3,0.9,17.0,6.0,15,4,0.0,4.0,2.0,2.0,2.0,2.0,5.0,1.0,1.0,1,0,0,0,0,0,0,0,0,0,0,1,0,0,0,0,0,0,0,0,0,0,1,0,0,0,True,True,False,False,False,False,False,False,True,False,False,False,False,False,True,False,False,True,False,False,False,False,False,True,False,False,False,False,True,False,False,False,False,False,False,True,False,False,False,True,False,True,False,False,False,False,False,False,False,False,False,True,False,False,True,False,False,False
32308,2006,community services,catalogue/register of things or events,JavaScript,308.0,4190.0,4190.0,13.6,13.6,9.7,18.1,2.6,17.0,7.0,13,2,5.0,0.0,2.0,0.0,1.0,6.0,4.0,0.0,1.0,1,0,0,0,0,0,0,0,0,0,1,0,0,0,0,1,1,0,0,1,0,0,0,0,0,0,True,True,False,False,False,False,False,False,True,False,False,False,False,True,False,False,False,True,False,False,False,False,True,False,False,False,True,False,False,False,False,False,False,False,False,True,False,False,False,True,False,True,False,False,False,False,False,False,False,False,False,True,False,False,True,False,False,False
17833,1998,transport & storage,electronic data interchange,Assembler,100.0,1290.0,1290.0,12.9,12.9,,50.0,,2.0,7.0,1,2,,,,,,,,,,0,0,1,0,0,0,0,0,0,0,0,0,0,0,0,0,0,0,0,0,0,0,0,0,0,0,True,False,False,False,False,True,False,False,True,False,False,False,True,False,False,False,True,False,False,False,False,False,False,False,False,True,False,False,False,False,False,False,False,False,False,False,False,True,False,True,False,False,False,False,False,True,False,False,False,False,True,False,True,False,False,False,False,True
17786,2001,food processing,financial transaction process/accounting,APPS,1777.0,20000.0,20000.0,11.3,11.3,,163.0,,10.9,7.0,3,0,,,,,,,,,,0,0,0,0,0,0,0,1,0,0,0,0,0,0,0,0,0,0,0,0,0,0,0,0,0,0,True,False,False,False,False,True,False,False,True,False,False,True,False,False,False,False,False,False,False,False,True,False,False,False,True,False,False,False,False,False,False,False,False,False,False,False,False,True,False,True,False,False,True,False,False,False,False,True,False,False,False,False,False,False,True,False,True,False
31862,2001,food processing,financial transaction process/accounting,APPS,1308.0,8172.0,8172.0,6.2,6.2,,120.0,,10.9,7.0,3,0,,,,,,,,,,0,0,0,0,0,0,0,1,0,0,0,0,0,0,0,0,0,0,0,0,0,0,0,0,0,0,True,False,False,False,False,True,False,False,True,False,False,True,False,False,False,False,False,False,False,False,True,False,False,False,True,False,False,False,False,False,False,False,False,False,False,False,False,True,False,True,False,False,True,False,False,False,False,True,False,False,False,False,False,False,True,False,True,False
13597,2001,food processing,financial transaction process/accounting,APPS,1220.0,7634.0,7634.0,6.3,6.3,,111.9,,10.9,7.0,3,0,,,,,,,,,,0,0,0,0,0,0,0,1,0,0,0,0,0,0,0,0,0,0,0,0,0,0,0,0,0,0,True,False,False,False,False,True,False,False,True,False,False,True,False,False,False,False,False,False,False,False,True,False,False,False,True,False,False,False,False,False,False,False,False,False,False,False,False,True,False,True,False,False,True,False,False,False,False,True,False,False,False,False,False,False,True,False,True,False
10393,2002,transport & storage,missing,RPG,212.0,756.0,756.0,3.6,3.6,,57.3,,3.7,7.0,3,0,,,,,,,,,,0,0,0,0,0,0,0,1,0,0,0,0,0,0,0,0,0,0,0,0,0,0,0,0,0,0,True,False,False,False,False,False,True,True,False,False,True,False,False,False,False,False,False,True,False,False,False,False,False,False,False,True,False,False,False,False,False,False,False,False,False,False,False,True,False,True,False,False,True,False,False,False,False,True,False,False,False,False,False,False,True,False,True,False
13178,2007,transport & storage,missing,Java,361.0,692.0,692.0,1.9,1.9,,164.1,,2.2,7.0,8,2,,,,,,,,,,0,0,0,0,0,1,0,0,0,0,0,0,0,0,0,0,0,0,0,0,0,0,0,0,0,0,True,False,False,False,False,False,True,False,True,False,False,False,False,False,True,False,False,True,False,False,False,False,False,False,False,False,True,False,False,False,False,False,False,False,False,False,False,True,True,False,False,False,True,False,False,False,False,False,True,False,False,False,True,False,False,False,True,False
27771,2007,transport & storage,missing,SQL,199.0,308.0,308.0,1.5,1.5,,90.5,,2.2,7.0,8,2,,,,,,,,,,0,0,0,0,0,1,0,0,0,0,0,0,0,0,0,0,0,0,0,0,0,0,0,0,0,0,True,False,False,False,False,False,True,False,True,False,True,False,False,False,False,False,False,False,True,False,False,False,False,False,False,True,False,False,False,False,False,False,False,False,False,False,False,True,True,False,False,False,False,False,False,True,False,False,True,False,False,False,True,False,False,False,True,False
10426,2008,car rental,customer relationship management,C#,90.0,2006.0,2006.0,22.3,22.3,,18.0,,5.0,8.0,16,7,,,,,,,,,,0,1,0,0,0,0,0,0,0,0,0,0,0,0,0,0,0,0,0,0,0,0,0,0,0,0,True,False,False,False,False,True,False,False,True,False,False,False,False,False,True,False,False,True,False,False,False,False,False,False,False,False,False,False,True,False,False,False,False,False,False,True,False,False,False,False,True,False,False,False,True,False,False,False,False,False,False,True,False,False,True,True,False,False
16446,2008,car rental,customer billing,C#,127.0,1972.0,1972.0,15.5,15.5,,11.5,,11.0,9.0,16,7,,,,,,,,,,0,1,0,0,0,0,0,0,0,0,0,0,0,0,0,0,0,0,0,0,0,0,0,0,0,0,True,False,False,False,False,True,False,False,True,False,False,False,False,False,True,False,False,True,False,False,False,False,False,False,False,True,False,False,False,False,False,False,False,False,False,False,True,False,False,False,True,False,False,False,True,False,False,False,False,False,False,True,False,False,True,True,False,False
12301,2010,"agriculture, forestry, fishing, hunting; transport & storage",distribution,.Net,211.0,1021.0,1021.0,4.8,4.8,,26.8,,6.0,6.0,15,2,,,,,,,,,,0,0,0,1,0,0,1,0,0,0,0,0,0,0,0,0,0,0,0,0,0,0,0,0,0,0,True,False,False,False,False,True,False,False,True,False,False,False,False,False,True,False,False,False,True,False,False,False,False,False,False,True,False,False,False,False,False,False,False,False,False,True,False,False,False,True,False,True,False,False,False,False,False,False,False,False,False,True,False,False,True,False,True,False
