isbsg_project_id,project_prf_year_of_project,project_prf_application_type,tech_tf_primary_programming_language,project_prf_functional_size,project_prf_normalised_work_effort_level_1,project_prf_normalised_work_effort,project_prf_normalised_level_1_pdr_ufp,project_prf_normalised_pdr_ufp,project_prf_speed_of_delivery,project_prf_manpower_delivery_rate,project_prf_project_elapsed_time,project_prf_max_team_size,process_pmf_docs,tech_tf_tools_used,external_eef_organisation_type_banking_insurance_stock,external_eef_organisation_type_banking,external_eef_organisation_type_communications,external_eef_organisation_type_education_institution,external_eef_organisation_type_financial_banking_insurance_stock,external_eef_organisation_type_financial_property_and_business_services,external_eef_organisation_type_government,external_eef_organisation_type_medical_and_health_care,external_eef_organisation_type_transport_and_storage,external_eef_organisation_type_wholesale_and_retail_trade,external_eef_industry_sector_Banking,external_eef_industry_sector_Financial,project_prf_application_group_Business_Application,project_prf_application_group_Infrastructure_Software,project_prf_application_group_Missing,project_prf_application_group_Real_Time_Application,project_prf_application_group_business_application,project_prf_application_group_missing,project_prf_development_type_Enhancement,project_prf_development_type_New_Development,project_prf_development_type_Re_development,tech_tf_development_platform_MF,tech_tf_development_platform_MR,tech_tf_development_platform_Missing,tech_tf_development_platform_Multi,tech_tf_development_platform_PC,tech_tf_development_platform_Proprietary,tech_tf_language_type_3GL,tech_tf_language_type_4GL,tech_tf_language_type_5GL,tech_tf_language_type_Missing,functional_size_group_L_1000_2999,functional_size_group_M_100_999,functional_size_group_S_100,functional_size_group_XL_3000_8999,functional_size_group_XXL_9000_17999,project_prf_relative_size_L,project_prf_relative_size_M1,project_prf_relative_size_M2,project_prf_relative_size_Missing,project_prf_relative_size_S,project_prf_relative_size_XL,project_prf_relative_size_XS,project_prf_relative_size_XXL,project_prf_relative_size_XXS,project_prf_team_size_group_1,project_prf_team_size_group_15_20,project_prf_team_size_group_2,project_prf_team_size_group_21_30,project_prf_team_size_group_3_4,project_prf_team_size_group_31_40,project_prf_team_size_group_5_8,project_prf_team_size_group_9_14,project_prf_team_size_group_Missing,process_pmf_development_methodologies_agile_development,process_pmf_development_methodologies_lean,process_pmf_development_methodologies_missing,process_pmf_development_methodologies_unified_process,process_pmf_development_methodologies_waterfall_incl_linear_processing_and_ssadm,tech_tf_architecture_Client_server,tech_tf_architecture_Missing,tech_tf_architecture_Multi_tier,tech_tf_architecture_Multi_tier_Client_server,tech_tf_architecture_Multi_tier_with_web_public_interface,tech_tf_architecture_Stand_alone,external_eef_data_quality_rating_A,external_eef_data_quality_rating_B,external_eef_data_quality_rating_D,project_prf_case_tool_used_Missing,project_prf_case_tool_used_No,project_prf_case_tool_used_Yes,tech_tf_client_server_Don_t_Know,tech_tf_client_server_Missing,tech_tf_client_server_Yes,tech_tf_dbms_used_Missing,tech_tf_dbms_used_Yes
10066,2006,financial transaction process/accounting,Visual Basic,108.0,1402.0,1402.0,13.0,13.0,21.2,2.2,5.1,3.0,3,0,0,1,0,0,0,0,0,0,0,0,True,False,True,False,False,False,False,False,True,False,False,False,False,False,False,True,False,True,False,False,False,False,True,False,False,False,False,True,False,False,False,False,False,False,False,False,False,False,False,False,False,False,False,True,True,False,False,False,False,False,True,False,False,False,False,False,False,False,False,False,False,False,False,False,False,False
10279,2013,surveillance and security,C#,26.0,52.0,52.0,2.0,2.0,2.2,2.2,12.0,1.0,6,2,0,1,1,1,0,0,1,1,1,1,True,False,True,False,False,False,False,False,True,False,False,False,False,False,False,True,False,True,False,False,False,False,False,True,False,False,False,False,False,False,False,False,True,False,False,True,False,False,False,False,False,False,False,False,True,False,False,False,False,False,False,False,False,False,True,False,False,False,False,False,False,False,False,False,False,False
10283,2008,financial transaction process/accounting,PL/I,224.0,12548.0,12548.0,56.0,56.0,18.7,2.3,12.0,8.0,11,2,0,0,0,0,0,1,0,0,0,0,False,True,True,False,False,False,False,False,True,False,False,True,False,False,False,False,False,True,False,False,False,False,True,False,False,False,False,True,False,False,False,False,False,False,False,False,False,False,False,False,False,True,False,False,True,False,False,False,False,False,False,False,False,False,True,False,False,False,False,False,False,False,False,False,False,False
10733,2006,financial transaction process/accounting,Java,270.0,5646.0,5646.0,20.9,20.9,30.0,1.8,9.0,17.0,10,1,0,1,0,0,0,0,0,0,0,0,True,False,True,False,False,False,False,False,False,True,False,False,False,False,True,False,False,True,False,False,False,False,True,False,False,False,False,True,False,False,False,False,False,False,False,False,True,False,False,False,False,False,False,False,True,False,False,False,False,False,False,True,False,False,False,False,False,False,False,False,False,False,False,False,False,False
10898,2007,workflow support & management,C#,923.0,12342.0,16532.0,13.4,17.9,65.9,4.7,14.0,14.0,15,7,0,0,0,0,0,1,0,0,0,0,False,True,True,False,False,False,False,False,False,True,False,False,False,False,False,True,False,True,False,False,False,False,True,False,False,False,False,False,True,False,False,False,False,False,False,False,False,False,False,False,False,False,True,False,True,False,False,False,False,True,False,False,False,False,False,False,False,False,False,False,False,False,False,False,False,False
11150,2006,financial transaction process/accounting,Java,135.0,5373.0,5373.0,39.8,39.8,14.8,2.2,9.1,3.0,3,0,0,1,0,0,0,0,0,0,0,0,True,False,True,False,False,False,False,False,False,True,False,False,False,False,False,True,False,True,False,False,False,False,True,False,False,False,False,True,False,False,False,False,False,False,False,False,False,False,False,False,False,False,False,True,True,False,False,False,False,False,True,False,False,False,False,False,False,False,False,False,False,False,False,False,False,False
11213,2007,financial transaction process/accounting,Java,93.0,8123.0,8123.0,87.3,87.3,5.0,2.2,18.7,3.0,3,0,0,1,0,0,0,0,0,0,0,0,True,False,True,False,False,False,False,False,False,True,False,True,False,False,False,False,False,True,False,False,False,False,False,True,False,False,False,False,False,False,True,False,False,False,False,False,False,False,False,False,False,False,False,True,True,False,False,False,False,False,True,False,False,False,False,False,False,False,False,False,False,False,False,False,False,False
11225,2006,financial transaction process/accounting,COBOL,94.0,4065.0,4065.0,43.2,43.2,12.3,2.2,11.9,3.0,3,0,0,1,0,0,0,0,0,0,0,0,True,False,True,False,False,False,False,False,False,True,False,True,False,False,False,False,False,True,False,False,False,False,False,True,False,False,False,False,False,False,True,False,False,False,False,False,False,False,False,False,False,False,False,True,True,False,False,False,False,False,True,False,False,False,False,False,False,False,False,False,False,False,False,False,False,False
11497,2012,surveillance and security,C#,31.0,88.0,88.0,2.8,2.8,2.6,2.6,12.0,1.0,6,2,0,1,1,1,0,0,1,1,1,1,True,False,True,False,False,False,False,False,True,False,False,False,False,False,False,True,False,True,False,False,False,False,False,True,False,False,False,False,False,False,True,False,False,False,False,True,False,False,False,False,False,False,False,False,True,False,False,False,False,False,False,False,False,False,True,False,False,False,False,False,False,False,False,False,False,False
11600,2013,business application,Missing,33.0,88.0,88.0,2.7,2.7,22.0,2.2,1.5,3.0,2,0,0,1,0,0,0,0,0,0,0,0,True,False,True,False,False,False,False,False,False,True,False,False,False,True,False,False,False,False,True,False,False,False,False,True,False,False,False,False,False,False,True,False,False,False,False,False,False,False,False,False,False,False,False,True,True,False,False,False,False,False,True,False,False,False,False,False,False,False,False,False,False,False,False,False,False,False
11705,2007,financial transaction process/accounting,COBOL,397.0,5918.0,5918.0,14.9,14.9,17.0,2.2,23.3,3.0,3,0,0,1,0,0,0,0,0,0,0,0,True,False,True,False,False,False,False,False,True,False,False,True,False,False,False,False,False,True,False,False,False,False,True,False,False,False,False,False,True,False,False,False,False,False,False,False,False,False,False,False,False,False,False,True,True,False,False,False,False,False,True,False,False,False,False,False,False,False,False,False,False,False,False,False,False,False
11738,2012,surveillance and security,C#,10.0,29.0,29.0,2.9,2.9,0.8,0.8,12.0,1.0,6,2,0,1,1,1,0,0,1,1,1,1,True,False,True,False,False,False,False,False,True,False,False,False,False,False,False,True,False,True,False,False,False,False,False,True,False,False,False,False,False,False,False,False,True,False,False,True,False,False,False,False,False,False,False,False,True,False,False,False,False,False,False,False,False,False,True,False,False,False,False,False,False,False,False,False,False,False
11957,2006,financial transaction process/accounting,COBOL,65.0,2947.0,2947.0,45.3,45.3,2.7,2.2,24.4,3.0,3,0,0,1,0,0,0,0,0,0,0,0,True,False,True,False,False,False,False,False,False,True,False,True,False,False,False,False,False,True,False,False,False,False,False,True,False,False,False,False,False,False,True,False,False,False,False,False,False,False,False,False,False,False,False,True,True,False,False,False,False,False,True,False,False,False,False,False,False,False,False,False,False,False,False,False,False,False
11976,2008,missing,C#,228.0,1395.0,1395.0,6.1,6.1,76.0,2.2,3.0,3.0,3,0,0,1,0,0,0,0,0,0,0,0,True,False,True,False,False,False,False,False,False,True,False,False,False,False,True,False,False,True,False,False,False,False,True,False,False,False,False,True,False,False,False,False,False,False,False,False,False,False,False,False,False,False,False,True,True,False,False,False,False,True,False,False,False,False,False,False,False,False,False,False,False,False,False,False,False,False
12108,2009,financial transaction process/accounting,Java,121.0,4368.0,4368.0,36.1,36.1,12.3,2.2,11.9,3.0,3,0,0,1,0,0,0,0,0,0,0,0,True,False,True,False,False,False,False,False,True,False,False,True,False,False,False,False,False,True,False,False,False,False,True,False,False,False,False,True,False,False,False,False,False,False,False,False,False,False,False,False,False,False,False,True,True,False,False,False,False,False,True,False,False,False,False,False,False,False,False,False,False,False,False,False,False,False
12313,2008,financial transaction process/accounting,.Net,60.0,2135.0,2135.0,35.6,35.6,2.6,2.2,23.3,3.0,3,0,0,1,0,0,0,0,0,0,0,0,True,False,True,False,False,False,False,False,True,False,False,False,False,False,False,True,False,False,True,False,False,False,False,True,False,False,False,False,False,False,True,False,False,False,False,False,False,False,False,False,False,False,False,True,True,False,False,False,False,False,True,False,False,False,False,False,False,False,False,False,False,False,False,False,False,False
12425,2006,financial transaction process/accounting,COBOL,15.0,2808.0,2808.0,187.2,187.2,12.3,2.2,11.9,3.0,3,0,0,1,0,0,0,0,0,0,0,0,True,False,True,False,False,False,False,False,True,False,False,True,False,False,False,False,False,True,False,False,False,False,False,True,False,False,False,False,False,False,False,False,True,False,False,False,False,False,False,False,False,False,False,True,True,False,False,False,False,False,True,False,False,False,False,False,False,False,False,False,False,False,False,False,False,False
12725,2012,mobile application,iOS,189.0,5789.0,5789.0,30.6,30.6,29.5,2.2,6.4,3.0,3,0,0,1,0,0,0,0,0,0,0,0,True,False,True,False,False,False,False,False,False,True,False,False,False,False,False,True,False,True,False,False,False,False,True,False,False,False,False,True,False,False,False,False,False,False,False,False,False,False,False,False,False,False,False,True,True,False,False,False,False,True,False,False,False,False,False,False,False,False,False,False,False,False,False,False,False,False
12821,2006,financial transaction process/accounting,COBOL,185.0,5498.0,5498.0,29.7,29.7,14.6,2.2,12.7,3.0,3,0,0,1,0,0,0,0,0,0,0,0,True,False,True,False,False,False,False,False,False,True,False,True,False,False,False,False,False,True,False,False,False,False,True,False,False,False,False,True,False,False,False,False,False,False,False,False,False,False,False,False,False,False,False,True,True,False,False,False,False,False,True,False,False,False,False,False,False,False,False,False,False,False,False,False,False,False
12844,2006,financial transaction process/accounting,Java,154.0,9816.0,9816.0,63.7,63.7,21.7,2.2,7.1,3.0,3,0,0,1,0,0,0,0,0,0,0,0,True,False,True,False,False,False,False,False,False,True,False,True,False,False,False,False,False,True,False,False,False,False,True,False,False,False,False,True,False,False,False,False,False,False,False,False,False,False,False,False,False,False,False,True,True,False,False,False,False,False,True,False,False,False,False,False,False,False,False,False,False,False,False,False,False,False
12898,2006,financial transaction process/accounting,Java,10.0,197.0,197.0,19.7,19.7,3.6,2.2,2.8,3.0,3,0,0,1,0,0,0,0,0,0,0,0,True,False,True,False,False,False,False,False,False,True,False,True,False,False,False,False,False,True,False,False,False,False,False,True,False,False,False,False,False,False,False,False,True,False,False,False,False,False,False,False,False,False,False,True,True,False,False,False,False,False,True,False,False,False,False,False,False,False,False,False,False,False,False,False,False,False
13009,2007,financial transaction process/accounting,COBOL,208.0,1929.0,1929.0,9.3,9.3,9.5,2.2,21.9,3.0,3,0,0,1,0,0,0,0,0,0,0,0,True,False,True,False,False,False,False,False,False,True,False,True,False,False,False,False,False,True,False,False,False,False,True,False,False,False,False,True,False,False,False,False,False,False,False,False,False,False,False,False,False,False,False,True,True,False,False,False,False,False,True,False,False,False,False,False,False,False,False,False,False,False,False,False,False,False
13026,2013,surveillance and security,C#,5.0,27.0,27.0,5.4,5.4,0.4,0.4,12.0,1.0,6,2,0,1,1,1,0,0,1,1,1,1,True,False,True,False,False,False,False,False,True,False,False,False,False,False,False,True,False,True,False,False,False,False,False,True,False,False,False,False,False,False,False,False,False,False,True,True,False,False,False,False,False,False,False,False,True,False,False,False,False,False,False,False,False,False,True,False,False,False,False,False,False,False,False,False,False,False
13190,2006,financial transaction process/accounting,COBOL,143.0,9566.0,9566.0,66.9,66.9,9.4,2.2,15.2,3.0,3,0,0,1,0,0,0,0,0,0,0,0,True,False,True,False,False,False,False,False,True,False,False,True,False,False,False,False,False,True,False,False,False,False,True,False,False,False,False,True,False,False,False,False,False,False,False,False,False,False,False,False,False,False,False,True,True,False,False,False,False,False,True,False,False,False,False,False,False,False,False,False,False,False,False,False,False,False
13248,2006,financial transaction process/accounting,COBOL,60.0,3730.0,3730.0,62.2,62.2,4.0,2.2,15.1,3.0,3,0,0,1,0,0,0,0,0,0,0,0,True,False,True,False,False,False,False,False,False,True,False,True,False,False,False,False,False,True,False,False,False,False,False,True,False,False,False,False,False,False,True,False,False,False,False,False,False,False,False,False,False,False,False,True,True,False,False,False,False,False,True,False,False,False,False,False,False,False,False,False,False,False,False,False,False,False
13384,2012,surveillance and security,C#,30.0,51.0,51.0,1.7,1.7,2.5,2.5,12.0,1.0,6,2,0,1,1,1,0,0,1,1,1,1,True,False,True,False,False,False,False,False,True,False,False,False,False,False,False,True,False,True,False,False,False,False,False,True,False,False,False,False,False,False,True,False,False,False,False,True,False,False,False,False,False,False,False,False,True,False,False,False,False,False,False,False,False,False,True,False,False,False,False,False,False,False,False,False,False,False
13695,2013,surveillance and security,C#,2.0,6.0,6.0,3.0,3.0,0.2,0.2,12.0,1.0,6,2,0,1,1,1,0,0,1,1,1,1,True,False,True,False,False,False,False,False,True,False,False,False,False,False,False,True,False,True,False,False,False,False,False,True,False,False,False,False,False,False,False,False,False,False,True,True,False,False,False,False,False,False,False,False,True,False,False,False,False,False,False,False,False,False,True,False,False,False,False,False,False,False,False,False,False,False
13784,2013,surveillance and security,C#,14.0,49.0,49.0,3.5,3.5,1.2,1.2,12.0,1.0,6,2,0,1,1,1,0,0,1,1,1,1,True,False,True,False,False,False,False,False,True,False,False,False,False,False,False,True,False,True,False,False,False,False,False,True,False,False,False,False,False,False,False,False,True,False,False,True,False,False,False,False,False,False,False,False,True,False,False,False,False,False,False,False,False,False,True,False,False,False,False,False,False,False,False,False,False,False
14055,2006,financial transaction process/accounting,COBOL,108.0,4741.0,4741.0,43.9,43.9,7.2,2.2,15.1,3.0,3,0,0,1,0,0,0,0,0,0,0,0,True,False,True,False,False,False,False,False,True,False,False,True,False,False,False,False,False,True,False,False,False,False,True,False,False,False,False,True,False,False,False,False,False,False,False,False,False,False,False,False,False,False,False,True,True,False,False,False,False,False,True,False,False,False,False,False,False,False,False,False,False,False,False,False,False,False
14319,2010,auditing management,Proprietary Agile Platform,748.0,1518.0,1518.0,2.0,2.0,249.3,2.2,3.0,3.0,5,0,0,1,0,0,0,0,0,0,0,0,True,False,True,False,False,False,False,False,False,True,False,False,False,False,False,False,True,False,False,True,False,False,True,False,False,False,False,False,True,False,False,False,False,False,False,False,False,False,False,False,False,False,False,True,True,False,False,False,False,False,False,False,False,True,False,False,False,False,False,False,False,False,False,False,False,False
14387,2007,financial transaction process/accounting,COBOL,731.0,3702.0,3702.0,5.1,5.1,66.5,2.2,11.0,3.0,3,0,0,1,0,0,0,0,0,0,0,0,True,False,True,False,False,False,False,False,True,False,False,True,False,False,False,False,False,True,False,False,False,False,True,False,False,False,False,False,True,False,False,False,False,False,False,False,False,False,False,False,False,False,False,True,True,False,False,False,False,False,True,False,False,False,False,False,False,False,False,False,False,False,False,False,False,False
14513,2007,financial transaction process/accounting,COBOL,339.0,6144.0,6144.0,18.1,18.1,21.1,2.2,16.1,3.0,3,0,0,1,0,0,0,0,0,0,0,0,True,False,True,False,False,False,False,False,False,True,False,True,False,False,False,False,False,True,False,False,False,False,True,False,False,False,False,False,True,False,False,False,False,False,False,False,False,False,False,False,False,False,False,True,True,False,False,False,False,False,True,False,False,False,False,False,False,False,False,False,False,False,False,False,False,False
14832,2007,electronic data interchange,C++,316.0,23760.0,23760.0,75.2,75.2,10.5,1.8,30.0,6.0,11,0,0,0,0,0,0,1,0,0,0,0,False,True,True,False,False,False,False,False,False,True,False,True,False,False,False,False,False,True,False,False,False,False,True,False,False,False,False,False,True,False,False,False,False,False,False,False,False,False,False,False,False,True,False,False,True,False,False,False,False,True,False,False,False,False,False,False,False,False,False,False,False,False,False,False,False,False
14919,2006,electronic data interchange,Java,194.0,4080.0,4080.0,21.0,21.0,16.2,4.0,12.0,4.0,11,0,0,0,0,0,0,1,0,0,0,0,False,True,True,False,False,False,False,False,False,True,False,True,False,False,False,False,False,True,False,False,False,False,True,False,False,False,False,True,False,False,False,False,False,False,False,False,False,False,False,True,False,False,False,False,True,False,False,False,False,True,False,False,False,False,False,False,False,False,False,False,False,False,False,False,False,False
15267,2009,financial transaction process/accounting,COBOL,1148.0,30345.0,30345.0,26.4,26.4,12.3,2.2,11.9,3.0,3,0,0,1,0,0,0,0,0,0,0,0,True,False,True,False,False,False,False,False,False,True,False,True,False,False,False,False,False,True,False,False,False,True,False,False,False,False,True,False,False,False,False,False,False,False,False,False,False,False,False,False,False,False,False,True,True,False,False,False,False,False,True,False,False,False,False,False,False,False,False,False,False,False,False,False,False,False
15364,2009,financial transaction process/accounting,Java,510.0,4266.0,4266.0,8.4,8.4,29.8,2.2,17.1,3.0,3,0,0,1,0,0,0,0,0,0,0,0,True,False,True,False,False,False,False,False,True,False,False,False,False,False,False,True,False,True,False,False,False,False,True,False,False,False,False,False,True,False,False,False,False,False,False,False,False,False,False,False,False,False,False,True,True,False,False,False,False,False,True,False,False,False,False,False,False,False,False,False,False,False,False,False,False,False
15464,2007,financial transaction process/accounting,FOCUS,278.0,7676.0,7676.0,27.6,27.6,7.9,2.2,35.3,3.0,3,0,0,1,0,0,0,0,0,0,0,0,True,False,True,False,False,False,False,False,False,True,False,True,False,False,False,False,False,False,True,False,False,False,True,False,False,False,False,True,False,False,False,False,False,False,False,False,False,False,False,False,False,False,False,True,True,False,False,False,False,False,True,False,False,False,False,False,False,False,False,False,False,False,False,False,False,False
15589,2007,financial transaction process/accounting,.Net,54.0,1151.0,1151.0,21.3,21.3,12.3,2.2,4.4,3.0,3,0,0,1,0,0,0,0,0,0,0,0,True,False,True,False,False,False,False,False,True,False,False,False,False,False,False,True,False,False,True,False,False,False,False,True,False,False,False,False,False,False,True,False,False,False,False,False,False,False,False,False,False,False,False,True,True,False,False,False,False,False,True,False,False,False,False,False,False,False,False,False,False,False,False,False,False,False
15723,2012,surveillance and security,C#,12.0,34.0,34.0,2.8,2.8,1.0,1.0,12.0,1.0,6,2,0,1,1,1,0,0,1,1,1,1,True,False,True,False,False,False,False,False,True,False,False,False,False,False,False,True,False,True,False,False,False,False,False,True,False,False,False,False,False,False,False,False,True,False,False,True,False,False,False,False,False,False,False,False,True,False,False,False,False,False,False,False,False,False,True,False,False,False,False,False,False,False,False,False,False,False
15986,2007,financial transaction process/accounting,Java,19.0,255.0,255.0,13.4,13.4,6.1,2.2,3.1,3.0,3,0,0,1,0,0,0,0,0,0,0,0,True,False,True,False,False,False,False,False,False,True,False,True,False,False,False,False,False,True,False,False,False,False,False,True,False,False,False,False,False,False,False,False,True,False,False,False,False,False,False,False,False,False,False,True,True,False,False,False,False,False,True,False,False,False,False,False,False,False,False,False,False,False,False,False,False,False
16089,2011,cards and payments,Java,331.0,8960.0,9585.0,27.1,29.0,36.8,1.2,9.0,30.0,3,0,0,1,0,0,0,0,0,0,0,0,True,False,True,False,False,False,False,False,False,True,False,False,False,False,False,True,False,True,False,False,False,False,True,False,False,False,False,False,True,False,False,False,False,False,False,False,False,False,True,False,False,False,False,False,True,False,False,False,False,False,False,False,False,False,True,False,False,False,False,False,False,False,False,False,False,False
16143,2009,financial transaction process/accounting,COBOL,263.0,2158.0,2158.0,8.2,8.2,12.3,2.2,11.9,3.0,3,0,0,1,0,0,0,0,0,0,0,0,True,False,True,False,False,False,False,False,False,True,False,True,False,False,False,False,False,True,False,False,False,False,True,False,False,False,False,True,False,False,False,False,False,False,False,False,False,False,False,False,False,False,False,True,True,False,False,False,False,False,True,False,False,False,False,False,False,False,False,False,False,False,False,False,False,False
16217,2007,financial transaction process/accounting,Visual Basic,577.0,9382.0,9382.0,16.3,16.3,17.2,2.2,33.6,3.0,3,0,0,1,0,0,0,0,0,0,0,0,True,False,True,False,False,False,False,False,True,False,False,False,False,False,False,True,False,True,False,False,False,False,True,False,False,False,False,False,True,False,False,False,False,False,False,False,False,False,False,False,False,False,False,True,True,False,False,False,False,False,True,False,False,False,False,False,False,False,False,False,False,False,False,False,False,False
16481,2010,business application,Oracle,412.0,3271.0,3271.0,7.9,7.9,74.9,2.2,5.5,3.0,2,0,0,0,0,0,0,1,0,0,0,0,False,True,True,False,False,False,False,False,False,True,False,False,False,True,False,False,False,False,True,False,False,False,True,False,False,False,False,False,True,False,False,False,False,False,False,False,False,False,False,False,False,False,False,True,True,False,False,False,False,False,True,False,False,False,False,False,False,False,False,False,False,False,False,False,False,False
16563,2013,surveillance and security,C#,9.0,23.0,23.0,2.6,2.6,0.8,0.8,12.0,1.0,6,2,0,1,1,1,0,0,1,1,1,1,True,False,True,False,False,False,False,False,True,False,False,False,False,False,False,True,False,True,False,False,False,False,False,True,False,False,False,False,False,False,False,False,False,False,True,True,False,False,False,False,False,False,False,False,True,False,False,False,False,False,False,False,False,False,True,False,False,False,False,False,False,False,False,False,False,False
16682,2008,financial transaction process/accounting,SQL,169.0,778.0,778.0,4.6,4.6,33.8,11.3,5.0,3.0,13,2,0,0,0,0,0,1,1,0,0,0,False,True,True,False,False,False,False,False,True,False,False,False,False,False,True,False,False,False,True,False,False,False,True,False,False,False,False,True,False,False,False,False,False,False,False,False,False,False,False,True,False,False,False,False,True,False,False,False,False,True,False,False,False,False,False,False,False,False,False,False,False,False,False,False,False,False
17216,2009,financial transaction process/accounting,AppBuilder,15.0,1022.0,1022.0,68.1,68.1,7.1,2.2,2.1,3.0,3,0,0,1,0,0,0,0,0,0,0,0,True,False,True,False,False,False,False,False,True,False,False,True,False,False,False,False,False,False,True,False,False,False,False,True,False,False,False,False,False,False,False,False,True,False,False,False,False,False,False,False,False,False,False,True,True,False,False,False,False,False,True,False,False,False,False,False,False,False,False,False,False,False,False,False,False,False
17293,2013,surveillance and security,C#,59.0,82.0,82.0,1.4,1.4,4.9,4.9,12.0,1.0,6,2,0,1,1,1,0,0,1,1,1,1,True,False,True,False,False,False,False,False,True,False,False,False,False,False,False,True,False,True,False,False,False,False,False,True,False,False,False,False,False,False,True,False,False,False,False,True,False,False,False,False,False,False,False,False,True,False,False,False,False,False,False,False,False,False,True,False,False,False,False,False,False,False,False,False,False,False
17331,2009,financial transaction process/accounting,COBOL,271.0,2613.0,2613.0,9.6,9.6,12.3,2.2,11.9,3.0,3,0,0,1,0,0,0,0,0,0,0,0,True,False,True,False,False,False,False,False,True,False,False,True,False,False,False,False,False,True,False,False,False,False,True,False,False,False,False,True,False,False,False,False,False,False,False,False,False,False,False,False,False,False,False,True,True,False,False,False,False,False,True,False,False,False,False,False,False,False,False,False,False,False,False,False,False,False
17460,2007,financial transaction process/accounting,.Net,96.0,7875.0,7875.0,82.0,82.0,17.8,2.2,5.4,3.0,3,0,0,1,0,0,0,0,0,0,0,0,True,False,True,False,False,False,False,False,False,True,False,False,False,False,False,True,False,False,True,False,False,False,False,True,False,False,False,False,False,False,True,False,False,False,False,False,False,False,False,False,False,False,False,True,True,False,False,False,False,False,True,False,False,False,False,False,False,False,False,False,False,False,False,False,False,False
17648,2008,financial transaction process/accounting,.Net,390.0,4948.0,4948.0,12.7,12.7,31.7,2.2,12.3,3.0,3,0,0,1,0,0,0,0,0,0,0,0,True,False,True,False,False,False,False,False,False,True,False,False,False,False,False,True,False,False,True,False,False,False,True,False,False,False,False,False,True,False,False,False,False,False,False,False,False,False,False,False,False,False,False,True,True,False,False,False,False,False,True,False,False,False,False,False,False,False,False,False,False,False,False,False,False,False
17659,2007,financial transaction process/accounting,COBOL,104.0,8720.0,8720.0,83.8,83.8,5.0,2.2,20.7,3.0,3,0,0,1,0,0,0,0,0,0,0,0,True,False,True,False,False,False,False,False,True,False,False,True,False,False,False,False,False,True,False,False,False,False,True,False,False,False,False,True,False,False,False,False,False,False,False,False,False,False,False,False,False,False,False,True,True,False,False,False,False,False,True,False,False,False,False,False,False,False,False,False,False,False,False,False,False,False
17980,2006,financial transaction process/accounting,.Net,63.0,856.0,856.0,13.6,13.6,6.9,2.2,9.1,3.0,3,0,0,1,0,0,0,0,0,0,0,0,True,False,True,False,False,False,False,False,False,True,False,False,False,False,False,True,False,False,True,False,False,False,False,True,False,False,False,False,False,False,True,False,False,False,False,False,False,False,False,False,False,False,False,True,True,False,False,False,False,False,True,False,False,False,False,False,False,False,False,False,False,False,False,False,False,False
18004,2007,financial transaction process/accounting,C#,169.0,4472.0,4472.0,26.5,26.5,48.3,4.4,3.5,11.0,2,0,0,1,0,0,0,0,0,0,0,0,True,False,True,False,False,False,False,False,False,True,False,False,False,False,True,False,False,True,False,False,False,False,True,False,False,False,False,True,False,False,False,False,False,False,False,False,False,False,False,False,False,False,True,False,True,False,False,False,False,False,False,True,False,False,False,False,False,False,False,False,False,False,False,False,False,False
18051,2006,financial transaction process/accounting,Java,1006.0,23429.0,23429.0,23.3,23.3,12.3,2.2,11.9,3.0,3,0,0,1,0,0,0,0,0,0,0,0,True,False,True,False,False,False,False,False,False,True,False,False,False,False,False,True,False,True,False,False,False,True,False,False,False,False,True,False,False,False,False,False,False,False,False,False,False,False,False,False,False,False,False,True,True,False,False,False,False,False,True,False,False,False,False,False,False,False,False,False,False,False,False,False,False,False
18083,2007,financial transaction process/accounting,COBOL,110.0,9455.0,9455.0,86.0,86.0,5.7,2.2,19.2,3.0,3,0,0,1,0,0,0,0,0,0,0,0,True,False,True,False,False,False,False,False,True,False,False,True,False,False,False,False,False,True,False,False,False,False,True,False,False,False,False,True,False,False,False,False,False,False,False,False,False,False,False,False,False,False,False,True,True,False,False,False,False,False,True,False,False,False,False,False,False,False,False,False,False,False,False,False,False,False
18118,2008,customer billing/relationship management,C#,912.0,4110.0,4110.0,4.5,4.5,60.8,6.1,15.0,10.0,16,5,0,0,0,0,0,1,0,0,0,0,False,True,True,False,False,False,False,False,False,False,True,False,False,False,False,True,False,True,False,False,False,False,True,False,False,False,False,False,True,False,False,False,False,False,False,False,False,False,False,False,False,False,True,False,True,False,False,False,False,True,False,False,False,False,False,False,False,False,False,False,False,False,False,False,False,False
18206,2012,business application,Missing,63.0,1784.0,1784.0,28.3,28.3,9.7,2.2,6.5,3.0,2,0,0,1,0,0,0,0,0,0,0,0,True,False,True,False,False,False,False,False,False,True,False,False,False,True,False,False,False,False,True,False,False,False,False,True,False,False,False,False,False,False,True,False,False,False,False,False,False,False,False,False,False,False,False,True,True,False,False,False,False,False,True,False,False,False,False,False,False,False,False,False,False,False,False,False,False,False
18328,2012,surveillance and security,C#,19.0,51.0,51.0,2.7,2.7,1.6,1.6,12.0,1.0,6,2,0,1,1,1,0,0,1,1,1,1,True,False,True,False,False,False,False,False,True,False,False,False,False,False,False,True,False,True,False,False,False,False,False,True,False,False,False,False,False,False,False,False,True,False,False,True,False,False,False,False,False,False,False,False,True,False,False,False,False,False,False,False,False,False,True,False,False,False,False,False,False,False,False,False,False,False
18391,2006,operating system or software utility,Unix,128.0,5422.0,5422.0,17.1,17.200000000000003,12.3,2.2,2.3,12.0,1,1,0,0,0,0,1,0,0,0,0,0,False,True,False,True,False,False,False,False,True,False,False,False,False,False,True,False,False,True,False,False,False,False,False,True,False,False,False,False,False,True,False,False,False,False,False,False,False,False,False,False,False,False,True,False,True,False,False,False,False,True,False,False,False,False,False,False,False,False,False,False,False,False,False,False,False,False
18609,2011,online analysis and reporting,Script Language,118.0,918.0,918.0,7.8,7.8,19.7,4.9,6.0,4.0,12,0,0,1,0,0,0,0,0,0,0,0,True,False,True,False,False,False,False,False,False,False,True,False,False,False,True,False,False,False,True,False,False,False,True,False,False,False,False,True,False,False,False,False,False,False,False,False,False,False,False,True,False,False,False,False,True,False,False,False,False,True,False,False,False,False,False,False,False,False,False,False,False,False,False,False,False,False
19052,2011,business application,Visual Basic,160.0,989.0,989.0,6.2,6.2,32.7,2.2,4.9,3.0,2,0,0,1,0,0,0,0,0,0,0,0,True,False,True,False,False,False,False,False,False,True,False,False,False,True,False,False,False,False,True,False,False,False,True,False,False,False,False,True,False,False,False,False,False,False,False,False,False,False,False,False,False,False,False,True,True,False,False,False,False,False,True,False,False,False,False,False,False,False,False,False,False,False,False,False,False,False
19233,2011,cards and payments,Java,435.0,9906.0,10531.0,22.8,24.2,54.4,1.6,8.0,33.0,3,0,0,1,0,0,0,0,0,0,0,0,True,False,True,False,False,False,False,False,False,True,False,False,False,False,False,True,False,True,False,False,False,False,True,False,False,False,False,False,True,False,False,False,False,False,False,False,False,False,False,False,True,False,False,False,True,False,False,False,False,False,False,False,False,False,True,False,False,False,False,False,False,False,False,False,False,False
19343,2008,financial transaction process/accounting,ASP,161.0,6646.0,6646.0,41.3,41.3,9.0,2.2,17.9,3.0,3,0,0,1,0,0,0,0,0,0,0,0,True,False,True,False,False,False,False,False,True,False,False,False,False,False,False,True,False,False,True,False,False,False,True,False,False,False,False,True,False,False,False,False,False,False,False,False,False,False,False,False,False,False,False,True,True,False,False,False,False,False,True,False,False,False,False,False,False,False,False,False,False,False,False,False,False,False
19363,2013,surveillance and security,C#,15.0,53.0,53.0,3.5,3.5,1.3,1.3,12.0,1.0,6,2,0,1,1,1,0,0,1,1,1,1,True,False,True,False,False,False,False,False,True,False,False,False,False,False,False,True,False,True,False,False,False,False,False,True,False,False,False,False,False,False,False,False,True,False,False,True,False,False,False,False,False,False,False,False,True,False,False,False,False,False,False,False,False,False,True,False,False,False,False,False,False,False,False,False,False,False
19455,2006,financial transaction process/accounting,Java,81.0,3002.0,3002.0,37.1,37.1,13.5,2.2,6.0,3.0,3,0,0,1,0,0,0,0,0,0,0,0,True,False,True,False,False,False,False,False,False,True,False,True,False,False,False,False,False,True,False,False,False,False,False,True,False,False,False,False,False,False,True,False,False,False,False,False,False,False,False,False,False,False,False,True,True,False,False,False,False,False,True,False,False,False,False,False,False,False,False,False,False,False,False,False,False,False
19464,2011,business application,.Net,184.0,2939.0,2939.0,16.0,16.0,29.2,2.2,6.3,3.0,2,0,0,1,0,0,0,0,0,0,0,0,True,False,True,False,False,False,False,False,False,True,False,False,False,True,False,False,False,False,True,False,False,False,True,False,False,False,False,True,False,False,False,False,False,False,False,False,False,False,False,False,False,False,False,True,True,False,False,False,False,False,True,False,False,False,False,False,False,False,False,False,False,False,False,False,False,False
19627,2009,financial transaction process/accounting,PL/I,410.0,9098.0,10623.0,22.2,25.9,51.3,3.9,8.0,13.0,16,2,0,1,0,0,0,0,0,0,0,0,True,False,False,False,False,True,False,False,True,False,False,True,False,False,False,False,False,True,False,False,False,False,True,False,False,False,False,False,True,False,False,False,False,False,False,False,False,False,False,False,False,False,True,False,True,False,False,False,False,False,False,False,False,False,True,False,False,False,False,False,False,False,False,False,False,False
19912,2007,financial transaction process/accounting,COBOL,27.0,2060.0,2060.0,76.3,76.3,2.7,2.2,10.0,3.0,3,0,0,1,0,0,0,0,0,0,0,0,True,False,True,False,False,False,False,False,True,False,False,True,False,False,False,False,False,True,False,False,False,False,False,True,False,False,False,False,False,False,False,False,True,False,False,False,False,False,False,False,False,False,False,True,True,False,False,False,False,False,True,False,False,False,False,False,False,False,False,False,False,False,False,False,False,False
20504,2012,business application,Missing,63.0,1784.0,1784.0,28.3,28.3,9.7,2.2,6.5,3.0,2,0,0,1,0,0,0,0,0,0,0,0,True,False,True,False,False,False,False,False,False,True,False,False,False,True,False,False,False,False,True,False,False,False,False,True,False,False,False,False,False,False,True,False,False,False,False,False,False,False,False,False,False,False,False,True,True,False,False,False,False,False,True,False,False,False,False,False,False,False,False,False,False,False,False,False,False,False
20680,2006,financial transaction process/accounting,.Net,140.0,1345.0,1345.0,9.6,9.6,12.5,2.2,11.2,3.0,3,0,0,1,0,0,0,0,0,0,0,0,True,False,True,False,False,False,False,False,False,True,False,True,False,False,False,False,False,False,True,False,False,False,True,False,False,False,False,True,False,False,False,False,False,False,False,False,False,False,False,False,False,False,False,True,True,False,False,False,False,False,True,False,False,False,False,False,False,False,False,False,False,False,False,False,False,False
20809,2013,business application,Missing,33.0,105.0,105.0,3.2,3.2,22.0,2.2,1.5,3.0,2,0,0,1,0,0,0,0,0,0,0,0,True,False,True,False,False,False,False,False,False,True,False,False,False,True,False,False,False,False,True,False,False,False,False,True,False,False,False,False,False,False,True,False,False,False,False,False,False,False,False,False,False,False,False,True,True,False,False,False,False,False,True,False,False,False,False,False,False,False,False,False,False,False,False,False,False,False
20820,2006,financial transaction process/accounting,C++,28.0,5635.0,5635.0,201.3,201.3,1.1,2.2,26.5,3.0,3,0,0,1,0,0,0,0,0,0,0,0,True,False,True,False,False,False,False,False,True,False,False,False,False,False,False,True,False,True,False,False,False,False,False,True,False,False,False,False,False,False,False,False,True,False,False,False,False,False,False,False,False,False,False,True,True,False,False,False,False,False,True,False,False,False,False,False,False,False,False,False,False,False,False,False,False,False
20964,2008,financial transaction process/accounting,Java,294.0,9318.0,9318.0,31.7,31.7,49.0,3.3,6.0,15.0,2,0,0,1,0,0,0,0,0,0,0,0,True,False,True,False,False,False,False,False,False,True,False,False,False,False,True,False,False,True,False,False,False,False,True,False,False,False,False,True,False,False,False,False,False,False,False,False,True,False,False,False,False,False,False,False,True,False,False,False,False,False,False,True,False,False,False,False,False,False,False,False,False,False,False,False,False,False
20995,2008,financial transaction process/accounting,COBOL,507.0,7423.0,7423.0,14.6,14.6,43.0,2.2,11.8,3.0,3,0,0,1,0,0,0,0,0,0,0,0,True,False,True,False,False,False,False,False,True,False,False,True,False,False,False,False,False,True,False,False,False,False,True,False,False,False,False,False,True,False,False,False,False,False,False,False,False,False,False,False,False,False,False,True,True,False,False,False,False,False,True,False,False,False,False,False,False,False,False,False,False,False,False,False,False,False
21090,2006,workflow support & management,Java,128.0,1248.0,1248.0,17.1,17.200000000000003,12.3,2.2,6.9,3.0,3,0,0,0,0,0,1,0,0,0,0,0,False,True,True,False,False,False,False,False,False,True,False,False,False,False,False,True,False,True,False,False,False,False,False,True,False,False,False,False,False,True,False,False,False,False,False,False,False,False,False,True,False,False,False,False,True,False,False,False,False,True,False,False,False,False,False,False,False,False,False,False,False,False,False,False,False,False
21154,2011,online analysis and reporting,Script Language,175.0,1232.0,1232.0,7.0,7.0,58.3,14.6,3.0,4.0,11,0,0,1,0,0,0,0,0,0,0,0,True,False,True,False,False,False,False,False,False,True,False,False,False,False,True,False,False,False,True,False,False,False,True,False,False,False,False,True,False,False,False,False,False,False,False,False,False,False,False,True,False,False,False,False,True,False,False,False,False,True,False,False,False,False,False,False,False,False,False,False,False,False,False,False,False,False
21263,2014,business application,Java,958.0,13200.0,13200.0,13.8,13.8,143.0,2.2,6.7,3.0,2,0,0,1,0,0,0,0,0,0,0,0,True,False,True,False,False,False,False,False,False,True,False,False,False,True,False,False,False,True,False,False,False,False,True,False,False,False,False,False,True,False,False,False,False,False,False,False,False,False,False,False,False,False,False,True,True,False,False,False,False,False,True,False,False,False,False,False,False,False,False,False,False,False,False,False,False,False
21529,2013,financial transaction process/accounting,Java,633.0,2484.0,2560.0,3.9,4.0,52.8,7.5,12.0,7.0,15,5,0,1,0,0,0,0,0,0,0,0,True,False,True,False,False,False,False,False,False,True,False,False,False,False,False,True,False,True,False,False,False,False,True,False,False,False,False,False,True,False,False,False,False,False,False,False,False,False,False,False,False,True,False,False,True,False,False,False,False,False,False,False,False,True,False,False,False,False,False,False,False,False,False,False,False,False
21539,2009,financial transaction process/accounting,Oracle,70.0,484.0,484.0,6.9,6.9,7.7,2.2,9.1,3.0,3,0,0,1,0,0,0,0,0,0,0,0,True,False,True,False,False,False,False,False,False,True,False,False,False,False,False,True,False,False,True,False,False,False,False,True,False,False,False,False,False,False,True,False,False,False,False,False,False,False,False,False,False,False,False,True,True,False,False,False,False,False,True,False,False,False,False,False,False,False,False,False,False,False,False,False,False,False
21776,2006,online analysis and reporting,Java,128.0,7097.0,7097.0,17.1,17.200000000000003,12.3,2.2,7.8,6.0,1,1,0,0,0,0,1,0,0,0,0,0,False,True,True,False,False,False,False,False,True,False,False,False,False,False,False,True,False,True,False,False,False,False,False,True,False,False,False,False,False,True,False,False,False,False,False,False,False,False,False,False,False,True,False,False,True,False,False,False,False,True,False,False,False,False,False,False,False,False,False,False,False,False,False,False,False,False
22069,2012,surveillance and security,C#,37.0,125.0,125.0,3.4,3.4,3.1,1.5,12.0,2.0,6,2,0,1,1,1,0,0,1,1,1,1,True,False,True,False,False,False,False,False,True,False,False,False,False,False,False,True,False,True,False,False,False,False,False,True,False,False,False,False,False,False,True,False,False,False,False,False,False,True,False,False,False,False,False,False,True,False,False,False,False,False,False,False,False,False,True,False,False,False,False,False,False,False,False,False,False,False
22135,2009,financial transaction process/accounting,COBOL,1583.0,31163.0,31163.0,19.7,19.7,12.3,2.2,11.9,3.0,3,0,0,1,0,0,0,0,0,0,0,0,True,False,True,False,False,False,False,False,False,True,False,True,False,False,False,False,False,True,False,False,False,True,False,False,False,False,True,False,False,False,False,False,False,False,False,False,False,False,False,False,False,False,False,True,True,False,False,False,False,False,True,False,False,False,False,False,False,False,False,False,False,False,False,False,False,False
22192,2007,financial transaction process/accounting,COBOL,131.0,1549.0,1549.0,11.8,11.8,18.2,2.2,7.2,3.0,3,0,0,1,0,0,0,0,0,0,0,0,True,False,True,False,False,False,False,False,True,False,False,True,False,False,False,False,False,True,False,False,False,False,True,False,False,False,False,True,False,False,False,False,False,False,False,False,False,False,False,False,False,False,False,True,True,False,False,False,False,False,True,False,False,False,False,False,False,False,False,False,False,False,False,False,False,False
22262,2007,financial transaction process/accounting,COBOL,83.0,9282.0,9282.0,111.8,111.8,8.3,2.2,10.0,3.0,3,0,0,1,0,0,0,0,0,0,0,0,True,False,True,False,False,False,False,False,False,True,False,True,False,False,False,False,False,True,False,False,False,False,False,True,False,False,False,False,False,False,True,False,False,False,False,False,False,False,False,False,False,False,False,True,True,False,False,False,False,False,True,False,False,False,False,False,False,False,False,False,False,False,False,False,False,False
22265,2006,financial transaction process/accounting,COBOL,72.0,2503.0,2503.0,34.8,34.8,12.3,2.2,11.9,3.0,3,0,0,1,0,0,0,0,0,0,0,0,True,False,True,False,False,False,False,False,True,False,False,True,False,False,False,False,False,True,False,False,False,False,False,True,False,False,False,False,False,False,True,False,False,False,False,False,False,False,False,False,False,False,False,True,True,False,False,False,False,False,True,False,False,False,False,False,False,False,False,False,False,False,False,False,False,False
22296,2009,financial transaction process/accounting,COBOL,161.0,2782.0,2782.0,17.3,17.3,12.3,2.2,11.9,3.0,3,0,0,1,0,0,0,0,0,0,0,0,True,False,True,False,False,False,False,False,False,True,False,True,False,False,False,False,False,True,False,False,False,False,True,False,False,False,False,True,False,False,False,False,False,False,False,False,False,False,False,False,False,False,False,True,True,False,False,False,False,False,True,False,False,False,False,False,False,False,False,False,False,False,False,False,False,False
22302,2007,financial transaction process/accounting,C#,125.0,694.0,694.0,5.6,5.6,20.8,5.2,6.0,4.0,11,2,0,0,0,0,0,1,1,0,0,0,False,True,True,False,False,False,False,False,True,False,False,False,False,False,True,False,False,True,False,False,False,False,True,False,False,False,False,True,False,False,False,False,False,False,False,False,False,False,False,True,False,False,False,False,True,False,False,False,False,True,False,False,False,False,False,False,False,False,False,False,False,False,False,False,False,False
22427,2007,financial transaction process/accounting,COBOL,118.0,3649.0,3649.0,30.9,30.9,8.9,2.2,13.2,3.0,3,0,0,1,0,0,0,0,0,0,0,0,True,False,True,False,False,False,False,False,True,False,False,True,False,False,False,False,False,True,False,False,False,False,True,False,False,False,False,True,False,False,False,False,False,False,False,False,False,False,False,False,False,False,False,True,True,False,False,False,False,False,True,False,False,False,False,False,False,False,False,False,False,False,False,False,False,False
22549,2006,financial transaction process/accounting,FOCUS,446.0,3564.0,3564.0,8.0,8.0,12.3,2.2,11.9,3.0,3,0,0,1,0,0,0,0,0,0,0,0,True,False,True,False,False,False,False,False,False,True,False,True,False,False,False,False,False,False,True,False,False,False,True,False,False,False,False,False,True,False,False,False,False,False,False,False,False,False,False,False,False,False,False,True,True,False,False,False,False,False,True,False,False,False,False,False,False,False,False,False,False,False,False,False,False,False
22842,2009,financial transaction process/accounting,PL/I,90.0,5831.0,5831.0,64.8,64.8,22.5,2.8,4.0,8.0,13,2,0,0,0,0,0,1,0,0,0,0,False,True,True,False,False,False,False,False,True,False,False,True,False,False,False,False,False,True,False,False,False,False,False,True,False,False,False,False,False,False,True,False,False,False,False,False,False,False,False,False,False,True,False,False,True,False,False,False,False,False,False,False,False,False,True,False,False,False,False,False,False,False,False,False,False,False
22908,2008,financial transaction process/accounting,COBOL,67.0,6722.0,6722.0,100.3,100.3,1.8,2.2,36.7,3.0,3,0,0,1,0,0,0,0,0,0,0,0,True,False,True,False,False,False,False,False,True,False,False,False,False,True,False,False,False,True,False,False,False,False,False,True,False,False,False,False,False,False,True,False,False,False,False,False,False,False,False,False,False,False,False,True,True,False,False,False,False,False,True,False,False,False,False,False,False,False,False,False,False,False,False,False,False,False
23092,2007,financial transaction process/accounting,Java,170.0,3724.0,3724.0,21.9,21.9,21.3,2.2,8.0,3.0,3,0,0,1,0,0,0,0,0,0,0,0,True,False,True,False,False,False,False,False,True,False,False,True,False,False,False,False,False,True,False,False,False,False,True,False,False,False,False,True,False,False,False,False,False,False,False,False,False,False,False,False,False,False,False,True,True,False,False,False,False,False,True,False,False,False,False,False,False,False,False,False,False,False,False,False,False,False
23093,2007,financial transaction process/accounting,COBOL,960.0,14205.0,14205.0,14.8,14.8,36.6,2.2,26.2,3.0,3,0,0,1,0,0,0,0,0,0,0,0,True,False,True,False,False,False,False,False,False,True,False,True,False,False,False,False,False,True,False,False,False,False,True,False,False,False,False,False,True,False,False,False,False,False,False,False,False,False,False,False,False,False,False,True,True,False,False,False,False,False,True,False,False,False,False,False,False,False,False,False,False,False,False,False,False,False
23425,2010,missing,.Net,5667.0,50457.0,50457.0,8.9,8.9,497.1,2.2,11.4,3.0,2,0,0,1,0,0,0,0,0,0,0,0,True,False,False,False,True,False,False,False,False,True,False,False,False,False,True,False,False,False,True,False,False,False,False,False,True,False,False,False,False,False,False,True,False,False,False,False,False,False,False,False,False,False,False,True,True,False,False,False,False,True,False,False,False,False,False,False,False,False,False,False,False,False,False,False,False,False
23445,2006,financial transaction process/accounting,AppBuilder,123.0,2987.0,2987.0,24.3,24.3,1.4,2.2,85.2,3.0,3,0,0,1,0,0,0,0,0,0,0,0,True,False,True,False,False,False,False,False,True,False,False,True,False,False,False,False,False,False,True,False,False,False,True,False,False,False,False,True,False,False,False,False,False,False,False,False,False,False,False,False,False,False,False,True,True,False,False,False,False,False,True,False,False,False,False,False,False,False,False,False,False,False,False,False,False,False
23772,2006,financial transaction process/accounting,Java,427.0,11701.0,11701.0,27.4,27.4,12.3,2.2,11.9,3.0,3,0,0,1,0,0,0,0,0,0,0,0,True,False,True,False,False,False,False,False,True,False,False,True,False,False,False,False,False,True,False,False,False,False,True,False,False,False,False,False,True,False,False,False,False,False,False,False,False,False,False,False,False,False,False,True,True,False,False,False,False,False,True,False,False,False,False,False,False,False,False,False,False,False,False,False,False,False
23861,2013,business application,Visual Basic,103.0,580.0,580.0,5.6,5.6,41.2,2.2,2.5,3.0,2,0,0,1,0,0,0,0,0,0,0,0,True,False,True,False,False,False,False,False,False,True,False,False,False,True,False,False,False,True,False,False,False,False,True,False,False,False,False,True,False,False,False,False,False,False,False,False,False,False,False,False,False,False,False,True,True,False,False,False,False,False,True,False,False,False,False,False,False,False,False,False,False,False,False,False,False,False
23884,2009,management or performance reporting,ASP.Net,48.0,960.0,960.0,20.0,20.0,24.0,8.0,2.0,3.0,2,0,0,1,0,0,0,0,0,0,0,0,True,False,True,False,False,False,False,False,False,True,False,False,False,False,True,False,False,False,True,False,False,False,False,True,False,False,False,False,False,False,True,False,False,False,False,False,False,False,False,True,False,False,False,False,True,False,False,False,False,False,False,True,False,False,False,False,False,False,False,False,False,False,False,False,False,False
23940,2012,business application,Missing,63.0,1784.0,1784.0,28.3,28.3,9.7,2.2,6.5,3.0,2,0,0,1,0,0,0,0,0,0,0,0,True,False,True,False,False,False,False,False,False,True,False,False,False,True,False,False,False,False,True,False,False,False,False,True,False,False,False,False,False,False,True,False,False,False,False,False,False,False,False,False,False,False,False,True,True,False,False,False,False,False,True,False,False,False,False,False,False,False,False,False,False,False,False,False,False,False
24248,2006,financial transaction process/accounting,Java,239.0,9642.0,9642.0,40.3,40.3,11.8,2.2,20.2,3.0,3,0,0,1,0,0,0,0,0,0,0,0,True,False,True,False,False,False,False,False,False,True,False,True,False,False,False,False,False,True,False,False,False,False,True,False,False,False,False,True,False,False,False,False,False,False,False,False,False,False,False,False,False,False,False,True,True,False,False,False,False,False,True,False,False,False,False,False,False,False,False,False,False,False,False,False,False,False
24302,2007,financial transaction process/accounting,Java,52.0,1305.0,1305.0,25.1,25.1,4.4,2.2,11.9,3.0,3,0,0,1,0,0,0,0,0,0,0,0,True,False,True,False,False,False,False,False,False,True,False,True,False,False,False,False,False,True,False,False,False,False,False,True,False,False,False,False,False,False,True,False,False,False,False,False,False,False,False,False,False,False,False,True,True,False,False,False,False,False,True,False,False,False,False,False,False,False,False,False,False,False,False,False,False,False
24528,2006,financial transaction process/accounting,.Net,30.0,1400.0,1400.0,46.7,46.7,30.0,2.2,1.0,3.0,3,0,0,1,0,0,0,0,0,0,0,0,True,False,True,False,False,False,False,False,False,True,False,False,False,False,False,True,False,False,True,False,False,False,False,True,False,False,False,False,False,False,True,False,False,False,False,False,False,False,False,False,False,False,False,True,True,False,False,False,False,False,True,False,False,False,False,False,False,False,False,False,False,False,False,False,False,False
25247,2013,surveillance and security,C#,13.0,47.0,47.0,3.6,3.6,1.1,1.1,12.0,1.0,6,2,0,1,1,1,0,0,1,1,1,1,True,False,True,False,False,False,False,False,True,False,False,False,False,False,False,True,False,True,False,False,False,False,False,True,False,False,False,False,False,False,False,False,True,False,False,True,False,False,False,False,False,False,False,False,True,False,False,False,False,False,False,False,False,False,True,False,False,False,False,False,False,False,False,False,False,False
25278,2009,financial transaction process/accounting,Java,666.0,3846.0,3846.0,5.8,5.8,45.9,2.2,14.5,3.0,3,0,0,1,0,0,0,0,0,0,0,0,True,False,True,False,False,False,False,False,True,False,False,True,False,False,False,False,False,True,False,False,False,False,True,False,False,False,False,False,True,False,False,False,False,False,False,False,False,False,False,False,False,False,False,True,True,False,False,False,False,False,True,False,False,False,False,False,False,False,False,False,False,False,False,False,False,False
25427,2007,financial transaction process/accounting,PL/I,459.0,11078.0,11078.0,24.1,24.1,30.6,2.2,15.0,14.0,15,2,0,0,0,0,0,1,0,0,0,0,False,True,True,False,False,False,False,False,True,False,False,True,False,False,False,False,False,True,False,False,False,False,True,False,False,False,False,False,True,False,False,False,False,False,False,False,False,False,False,False,False,False,True,False,True,False,False,False,False,True,False,False,False,False,False,False,False,False,False,False,False,False,False,False,False,False
25790,2006,financial transaction process/accounting,COBOL,65.0,1249.0,1249.0,19.2,19.2,2.4,2.2,27.4,3.0,3,0,0,1,0,0,0,0,0,0,0,0,True,False,True,False,False,False,False,False,False,True,False,True,False,False,False,False,False,True,False,False,False,False,False,True,False,False,False,False,False,False,True,False,False,False,False,False,False,False,False,False,False,False,False,True,True,False,False,False,False,False,True,False,False,False,False,False,False,False,False,False,False,False,False,False,False,False
25898,2006,financial transaction process/accounting,Java,9.0,2320.0,2320.0,257.8,257.8,1.0,2.2,9.1,3.0,3,0,0,1,0,0,0,0,0,0,0,0,True,False,True,False,False,False,False,False,True,False,False,False,False,False,False,True,False,True,False,False,False,False,False,True,False,False,False,False,False,False,False,False,False,False,True,False,False,False,False,False,False,False,False,True,True,False,False,False,False,False,True,False,False,False,False,False,False,False,False,False,False,False,False,False,False,False
25964,2007,financial transaction process/accounting,Java,39.0,2499.0,2499.0,64.1,64.1,3.2,2.2,12.2,3.0,3,0,0,1,0,0,0,0,0,0,0,0,True,False,True,False,False,False,False,False,True,False,False,True,False,False,False,False,False,True,False,False,False,False,False,True,False,False,False,False,False,False,True,False,False,False,False,False,False,False,False,False,False,False,False,True,True,False,False,False,False,False,True,False,False,False,False,False,False,False,False,False,False,False,False,False,False,False
26012,2007,financial transaction process/accounting,COBOL,115.0,1993.0,1993.0,17.3,17.3,3.2,2.2,36.5,3.0,3,0,0,1,0,0,0,0,0,0,0,0,True,False,True,False,False,False,False,False,True,False,False,True,False,False,False,False,False,True,False,False,False,False,True,False,False,False,False,True,False,False,False,False,False,False,False,False,False,False,False,False,False,False,False,True,True,False,False,False,False,False,True,False,False,False,False,False,False,False,False,False,False,False,False,False,False,False
26196,2013,business application,Java,465.0,1160.0,1160.0,2.5,2.5,101.1,2.2,4.6,3.0,2,0,0,1,0,0,0,0,0,0,0,0,True,False,True,False,False,False,False,False,False,True,False,False,False,True,False,False,False,True,False,False,False,False,True,False,False,False,False,False,True,False,False,False,False,False,False,False,False,False,False,False,False,False,False,True,True,False,False,False,False,False,True,False,False,False,False,False,False,False,False,False,False,False,False,False,False,False
26230,2006,financial transaction process/accounting,COBOL,27.0,1201.0,1201.0,44.5,44.5,12.3,2.2,11.9,3.0,3,0,0,1,0,0,0,0,0,0,0,0,True,False,True,False,False,False,False,False,True,False,False,True,False,False,False,False,False,True,False,False,False,False,False,True,False,False,False,False,False,False,False,False,True,False,False,False,False,False,False,False,False,False,False,True,True,False,False,False,False,False,True,False,False,False,False,False,False,False,False,False,False,False,False,False,False,False
26247,2007,financial transaction process/accounting,COBOL,94.0,3516.0,3516.0,37.4,37.4,3.9,2.2,24.3,3.0,3,0,0,1,0,0,0,0,0,0,0,0,True,False,True,False,False,False,False,False,False,True,False,True,False,False,False,False,False,True,False,False,False,False,False,True,False,False,False,False,False,False,True,False,False,False,False,False,False,False,False,False,False,False,False,True,True,False,False,False,False,False,True,False,False,False,False,False,False,False,False,False,False,False,False,False,False,False
26764,2006,financial transaction process/accounting,Java,556.0,6802.0,6802.0,12.2,12.2,34.3,2.2,16.2,3.0,3,0,0,1,0,0,0,0,0,0,0,0,True,False,True,False,False,False,False,False,False,True,False,True,False,False,False,False,False,True,False,False,False,False,True,False,False,False,False,False,True,False,False,False,False,False,False,False,False,False,False,False,False,False,False,True,True,False,False,False,False,False,True,False,False,False,False,False,False,False,False,False,False,False,False,False,False,False
26770,2013,business application,Oracle,245.0,2683.0,2683.0,11.0,11.0,45.4,2.2,5.4,3.0,2,0,0,0,0,0,0,1,0,0,0,0,False,True,True,False,False,False,False,False,False,True,False,False,False,True,False,False,False,False,True,False,False,False,True,False,False,False,False,True,False,False,False,False,False,False,False,False,False,False,False,False,False,False,False,True,True,False,False,False,False,False,True,False,False,False,False,False,False,False,False,False,False,False,False,False,False,False
26855,2013,business application,Oracle,336.0,3494.0,3494.0,10.4,10.4,12.3,2.2,11.9,3.0,2,0,0,0,0,0,0,1,0,0,0,0,False,True,True,False,False,False,False,False,False,True,False,False,False,True,False,False,False,False,True,False,False,False,True,False,False,False,False,False,True,False,False,False,False,False,False,False,False,False,False,False,False,False,False,True,True,False,False,False,False,False,True,False,False,False,False,False,False,False,False,False,False,False,False,False,False,False
26865,2006,customer billing/relationship management,Java,14656.0,6792.0,6792.0,0.5,0.5,1480.4,148.0,9.9,10.0,4,2,1,0,0,0,0,1,0,0,0,0,False,True,True,False,False,False,False,False,False,True,False,False,False,False,False,True,False,True,False,False,False,False,False,False,False,True,False,False,False,False,False,False,False,True,False,False,False,False,False,False,False,False,True,False,True,False,False,False,False,True,False,False,False,False,False,False,False,False,False,False,False,False,False,False,False,False
27063,2012,surveillance and security,C#,24.0,79.0,79.0,3.3,3.3,2.0,2.0,12.0,1.0,6,2,0,1,1,1,0,0,1,1,1,1,True,False,True,False,False,False,False,False,True,False,False,False,False,False,False,True,False,True,False,False,False,False,False,True,False,False,False,False,False,False,False,False,True,False,False,True,False,False,False,False,False,False,False,False,True,False,False,False,False,False,False,False,False,False,True,False,False,False,False,False,False,False,False,False,False,False
27333,2013,surveillance and security,C#,18.0,47.0,47.0,2.6,2.6,1.5,1.5,12.0,1.0,6,2,0,1,1,1,0,0,1,1,1,1,True,False,True,False,False,False,False,False,True,False,False,False,False,False,False,True,False,True,False,False,False,False,False,True,False,False,False,False,False,False,False,False,True,False,False,True,False,False,False,False,False,False,False,False,True,False,False,False,False,False,False,False,False,False,True,False,False,False,False,False,False,False,False,False,False,False
27537,2006,financial transaction process/accounting,Java,16.0,3737.0,3737.0,233.6,233.6,12.3,2.2,11.9,3.0,3,0,0,1,0,0,0,0,0,0,0,0,True,False,True,False,False,False,False,False,True,False,False,False,False,False,False,True,False,True,False,False,False,False,False,True,False,False,False,False,False,False,False,False,True,False,False,False,False,False,False,False,False,False,False,True,True,False,False,False,False,False,True,False,False,False,False,False,False,False,False,False,False,False,False,False,False,False
27547,2007,financial transaction process/accounting,Java,366.0,3633.0,3633.0,9.9,9.9,43.6,2.2,8.4,3.0,3,0,0,1,0,0,0,0,0,0,0,0,True,False,True,False,False,False,False,False,True,False,False,True,False,False,False,False,False,True,False,False,False,False,True,False,False,False,False,False,True,False,False,False,False,False,False,False,False,False,False,False,False,False,False,True,True,False,False,False,False,False,True,False,False,False,False,False,False,False,False,False,False,False,False,False,False,False
27765,2007,financial transaction process/accounting,SQL,204.0,772.0,772.0,3.8,3.8,40.8,13.6,5.0,3.0,11,4,0,0,0,0,0,1,1,0,0,0,False,True,True,False,False,False,False,False,True,False,False,True,False,False,False,False,False,False,True,False,False,False,True,False,False,False,False,True,False,False,False,False,False,False,False,False,False,False,False,True,False,False,False,False,True,False,False,False,False,True,False,False,False,False,False,False,False,False,False,False,False,False,False,False,False,False
27958,2007,financial transaction process/accounting,COBOL,87.0,2421.0,2421.0,27.8,27.8,8.4,2.2,10.3,3.0,3,0,0,1,0,0,0,0,0,0,0,0,True,False,True,False,False,False,False,False,True,False,False,True,False,False,False,False,False,True,False,False,False,False,False,True,False,False,False,False,False,False,True,False,False,False,False,False,False,False,False,False,False,False,False,True,True,False,False,False,False,False,True,False,False,False,False,False,False,False,False,False,False,False,False,False,False,False
27970,2013,surveillance and security,C#,3.0,9.0,9.0,3.0,3.0,0.3,0.3,12.0,1.0,6,2,0,1,1,1,0,0,1,1,1,1,True,False,True,False,False,False,False,False,True,False,False,False,False,False,False,True,False,True,False,False,False,False,False,True,False,False,False,False,False,False,False,False,False,False,True,True,False,False,False,False,False,False,False,False,True,False,False,False,False,False,False,False,False,False,True,False,False,False,False,False,False,False,False,False,False,False
28015,2013,business application,Visual Basic,283.0,1054.0,1054.0,3.7,3.7,64.3,2.2,4.4,3.0,2,0,0,1,0,0,0,0,0,0,0,0,True,False,True,False,False,False,False,False,False,True,False,False,False,True,False,False,False,True,False,False,False,False,True,False,False,False,False,True,False,False,False,False,False,False,False,False,False,False,False,False,False,False,False,True,True,False,False,False,False,False,True,False,False,False,False,False,False,False,False,False,False,False,False,False,False,False
28080,2007,financial transaction process/accounting,COBOL,303.0,3386.0,3386.0,11.2,11.2,17.3,2.2,17.5,3.0,3,0,0,1,0,0,0,0,0,0,0,0,True,False,True,False,False,False,False,False,True,False,False,True,False,False,False,False,False,True,False,False,False,False,True,False,False,False,False,False,True,False,False,False,False,False,False,False,False,False,False,False,False,False,False,True,True,False,False,False,False,False,True,False,False,False,False,False,False,False,False,False,False,False,False,False,False,False
28283,2009,business application,Java,216.0,3704.0,3704.0,17.1,17.1,15.2,2.2,14.2,3.0,2,0,0,1,0,0,0,0,0,0,0,0,True,False,True,False,False,False,False,False,False,True,False,False,False,True,False,False,False,True,False,False,False,False,True,False,False,False,False,True,False,False,False,False,False,False,False,False,False,False,False,False,False,False,False,True,True,False,False,False,False,False,True,False,False,False,False,False,False,False,False,False,False,False,False,False,False,False
28393,2013,surveillance and security,C#,18.0,38.0,38.0,2.1,2.1,1.5,1.5,12.0,1.0,6,2,0,1,1,1,0,0,1,1,1,1,True,False,True,False,False,False,False,False,True,False,False,False,False,False,False,True,False,True,False,False,False,False,False,True,False,False,False,False,False,False,False,False,True,False,False,True,False,False,False,False,False,False,False,False,True,False,False,False,False,False,False,False,False,False,True,False,False,False,False,False,False,False,False,False,False,False
28650,2013,business application,Missing,311.0,2264.0,2264.0,7.3,7.3,66.2,2.2,4.7,3.0,2,0,0,1,0,0,0,0,0,0,0,0,True,False,True,False,False,False,False,False,False,True,False,False,False,True,False,False,False,False,True,False,False,False,True,False,False,False,False,False,True,False,False,False,False,False,False,False,False,False,False,False,False,False,False,True,True,False,False,False,False,False,True,False,False,False,False,False,False,False,False,False,False,False,False,False,False,False
28686,2013,mobile application,iOS,1244.0,5773.0,5773.0,4.6,4.6,270.4,33.8,4.6,8.0,3,0,0,1,0,0,0,0,0,0,0,0,True,False,True,False,False,False,False,False,False,True,False,False,False,False,False,True,False,True,False,False,False,True,False,False,False,False,True,False,False,False,False,False,False,False,False,False,False,False,False,False,False,True,False,False,True,False,False,False,False,True,False,False,False,False,False,False,False,False,False,False,False,False,False,False,False,False
28690,2006,management or performance reporting; online analysis and reporting,Java,128.0,5190.0,5190.0,17.1,17.200000000000003,12.3,2.2,3.8,6.0,3,2,0,0,0,0,1,0,0,0,0,0,False,True,True,False,False,False,False,False,False,True,False,False,False,False,False,True,False,True,False,False,False,False,False,True,False,False,False,False,False,True,False,False,False,False,False,False,False,False,False,False,False,True,False,False,True,False,False,False,False,True,False,False,False,False,False,False,False,False,False,False,False,False,False,False,False,False
28831,2009,financial transaction process/accounting,COBOL,153.0,15424.0,15424.0,100.8,100.8,12.3,2.2,11.9,3.0,3,0,0,1,0,0,0,0,0,0,0,0,True,False,True,False,False,False,False,False,True,False,False,True,False,False,False,False,False,True,False,False,False,False,True,False,False,False,False,True,False,False,False,False,False,False,False,False,False,False,False,False,False,False,False,True,True,False,False,False,False,False,True,False,False,False,False,False,False,False,False,False,False,False,False,False,False,False
29221,2012,surveillance and security,C#,21.0,74.0,74.0,3.5,3.5,1.8,1.8,12.0,1.0,6,2,0,1,1,1,0,0,1,1,1,1,True,False,True,False,False,False,False,False,True,False,False,False,False,False,False,True,False,True,False,False,False,False,False,True,False,False,False,False,False,False,False,False,True,False,False,True,False,False,False,False,False,False,False,False,True,False,False,False,False,False,False,False,False,False,True,False,False,False,False,False,False,False,False,False,False,False
29502,2009,financial transaction process/accounting,COBOL,43.0,3241.0,3241.0,75.4,75.4,12.3,2.2,11.9,3.0,3,0,0,1,0,0,0,0,0,0,0,0,True,False,True,False,False,False,False,False,True,False,False,True,False,False,False,False,False,True,False,False,False,False,False,True,False,False,False,False,False,False,True,False,False,False,False,False,False,False,False,False,False,False,False,True,True,False,False,False,False,False,True,False,False,False,False,False,False,False,False,False,False,False,False,False,False,False
29647,2011,mobile application,iOS,80.0,3070.0,3070.0,38.4,38.4,12.3,2.2,6.5,3.0,3,0,0,1,0,0,0,0,0,0,0,0,True,False,True,False,False,False,False,False,False,True,False,False,False,False,False,True,False,True,False,False,False,False,False,True,False,False,False,False,False,False,True,False,False,False,False,False,False,False,False,False,False,False,False,True,True,False,False,False,False,True,False,False,False,False,False,False,False,False,False,False,False,False,False,False,False,False
29653,2008,financial transaction process/accounting,COBOL,88.0,2822.0,2822.0,32.1,32.1,12.3,2.2,11.9,3.0,3,0,0,1,0,0,0,0,0,0,0,0,True,False,True,False,False,False,False,False,True,False,False,True,False,False,False,False,False,True,False,False,False,False,False,True,False,False,False,False,False,False,True,False,False,False,False,False,False,False,False,False,False,False,False,True,True,False,False,False,False,False,True,False,False,False,False,False,False,False,False,False,False,False,False,False,False,False
29737,2006,financial transaction process/accounting,Java,24.0,1676.0,1676.0,69.8,69.8,2.4,2.2,10.2,3.0,3,0,0,1,0,0,0,0,0,0,0,0,True,False,True,False,False,False,False,False,True,False,False,False,False,False,False,True,False,True,False,False,False,False,False,True,False,False,False,False,False,False,False,False,True,False,False,False,False,False,False,False,False,False,False,True,True,False,False,False,False,False,True,False,False,False,False,False,False,False,False,False,False,False,False,False,False,False
29790,2007,financial transaction process/accounting,COBOL,110.0,1733.0,1733.0,15.8,15.8,9.2,2.2,11.9,3.0,3,0,0,1,0,0,0,0,0,0,0,0,True,False,True,False,False,False,False,False,True,False,False,True,False,False,False,False,False,True,False,False,False,False,True,False,False,False,False,True,False,False,False,False,False,False,False,False,False,False,False,False,False,False,False,True,True,False,False,False,False,False,True,False,False,False,False,False,False,False,False,False,False,False,False,False,False,False
29945,2013,mobile application,iOS,66.0,205.0,205.0,3.1,3.1,44.0,22.0,1.5,2.0,3,0,0,1,0,0,0,0,0,0,0,0,True,False,True,False,False,False,False,False,False,True,False,False,False,False,False,True,False,True,False,False,False,False,False,True,False,False,False,False,False,False,True,False,False,False,False,False,False,True,False,False,False,False,False,False,True,False,False,False,False,True,False,False,False,False,False,False,False,False,False,False,False,False,False,False,False,False
29959,2007,financial transaction process/accounting,COBOL,147.0,15793.0,15793.0,107.4,107.4,8.9,2.2,16.5,3.0,3,0,0,1,0,0,0,0,0,0,0,0,True,False,True,False,False,False,False,False,True,False,False,True,False,False,False,False,False,True,False,False,False,False,True,False,False,False,False,True,False,False,False,False,False,False,False,False,False,False,False,False,False,False,False,True,True,False,False,False,False,False,True,False,False,False,False,False,False,False,False,False,False,False,False,False,False,False
30029,2012,surveillance and security,C#,72.0,225.0,225.0,3.1,3.1,6.0,3.0,12.0,2.0,6,2,0,1,1,1,0,0,1,1,1,1,True,False,True,False,False,False,False,False,True,False,False,False,False,False,False,True,False,True,False,False,False,False,False,True,False,False,False,False,False,False,True,False,False,False,False,False,False,True,False,False,False,False,False,False,True,False,False,False,False,False,False,False,False,False,True,False,False,False,False,False,False,False,False,False,False,False
30345,2007,financial transaction process/accounting,COBOL,80.0,1652.0,1652.0,20.7,20.7,3.1,2.2,25.9,3.0,3,0,0,1,0,0,0,0,0,0,0,0,True,False,True,False,False,False,False,False,True,False,False,True,False,False,False,False,False,True,False,False,False,False,False,True,False,False,False,False,False,False,True,False,False,False,False,False,False,False,False,False,False,False,False,True,True,False,False,False,False,False,True,False,False,False,False,False,False,False,False,False,False,False,False,False,False,False
30611,2006,financial transaction process/accounting,COBOL,404.0,10147.0,10147.0,25.1,25.1,12.3,2.2,11.9,3.0,3,0,0,1,0,0,0,0,0,0,0,0,True,False,True,False,False,False,False,False,False,True,False,True,False,False,False,False,False,True,False,False,False,False,True,False,False,False,False,False,True,False,False,False,False,False,False,False,False,False,False,False,False,False,False,True,True,False,False,False,False,False,True,False,False,False,False,False,False,False,False,False,False,False,False,False,False,False
30621,2013,surveillance and security,C#,13.0,47.0,47.0,3.6,3.6,1.1,1.1,12.0,1.0,6,2,0,1,1,1,0,0,1,1,1,1,True,False,True,False,False,False,False,False,True,False,False,False,False,False,False,True,False,True,False,False,False,False,False,True,False,False,False,False,False,False,False,False,True,False,False,True,False,False,False,False,False,False,False,False,True,False,False,False,False,False,False,False,False,False,True,False,False,False,False,False,False,False,False,False,False,False
30636,2007,financial transaction process/accounting,ABAP,317.0,921.0,921.0,2.9,2.9,24.0,2.2,13.2,3.0,3,0,0,1,0,0,0,0,0,0,0,0,True,False,True,False,False,False,False,False,True,False,False,True,False,False,False,False,False,False,True,False,False,False,True,False,False,False,False,False,True,False,False,False,False,False,False,False,False,False,False,False,False,False,False,True,True,False,False,False,False,False,True,False,False,False,False,False,False,False,False,False,False,False,False,False,False,False
30743,2007,financial transaction process/accounting; workflow support & management,Java,54.0,2944.0,820.0,17.1,15.2,4.2,0.2,13.0,24.0,15,2,0,1,0,0,0,0,0,0,0,0,True,False,True,False,False,False,False,False,False,True,False,False,False,False,False,True,False,True,False,False,False,False,False,True,False,False,False,False,False,False,True,False,False,False,False,False,False,False,True,False,False,False,False,False,True,False,False,False,False,False,False,True,False,False,False,False,False,False,False,False,False,False,False,False,False,False
31039,2013,business application,Missing,311.0,3078.0,3078.0,9.9,9.9,66.2,2.2,4.7,3.0,2,0,0,1,0,0,0,0,0,0,0,0,True,False,True,False,False,False,False,False,False,True,False,False,False,True,False,False,False,False,True,False,False,False,True,False,False,False,False,False,True,False,False,False,False,False,False,False,False,False,False,False,False,False,False,True,True,False,False,False,False,False,True,False,False,False,False,False,False,False,False,False,False,False,False,False,False,False
31103,2012,surveillance and security,C#,11.0,43.0,43.0,3.9,3.9,0.9,0.9,12.0,1.0,6,2,0,1,1,1,0,0,1,1,1,1,True,False,True,False,False,False,False,False,True,False,False,False,False,False,False,True,False,True,False,False,False,False,False,True,False,False,False,False,False,False,False,False,True,False,False,True,False,False,False,False,False,False,False,False,True,False,False,False,False,False,False,False,False,False,True,False,False,False,False,False,False,False,False,False,False,False
31169,2009,financial transaction process/accounting,COBOL,731.0,13629.0,13629.0,18.6,18.6,12.3,2.2,11.9,3.0,3,0,0,1,0,0,0,0,0,0,0,0,True,False,True,False,False,False,False,False,False,True,False,True,False,False,False,False,False,True,False,False,False,False,True,False,False,False,False,False,True,False,False,False,False,False,False,False,False,False,False,False,False,False,False,True,True,False,False,False,False,False,True,False,False,False,False,False,False,False,False,False,False,False,False,False,False,False
31333,2009,financial transaction process/accounting,AppBuilder,201.0,589.0,589.0,2.9,2.9,12.3,2.2,11.9,3.0,3,0,0,1,0,0,0,0,0,0,0,0,True,False,True,False,False,False,False,False,False,True,False,True,False,False,False,False,False,False,True,False,False,False,True,False,False,False,False,True,False,False,False,False,False,False,False,False,False,False,False,False,False,False,False,True,True,False,False,False,False,False,True,False,False,False,False,False,False,False,False,False,False,False,False,False,False,False
31512,2007,financial transaction process/accounting,COBOL,269.0,5326.0,5326.0,19.8,19.8,10.0,2.2,26.8,3.0,3,0,0,1,0,0,0,0,0,0,0,0,True,False,True,False,False,False,False,False,False,True,False,True,False,False,False,False,False,True,False,False,False,False,True,False,False,False,False,True,False,False,False,False,False,False,False,False,False,False,False,False,False,False,False,True,True,False,False,False,False,False,True,False,False,False,False,False,False,False,False,False,False,False,False,False,False,False
31680,2009,financial transaction process/accounting,PL/I,291.0,8048.0,8048.0,27.7,27.7,32.3,4.0,9.0,8.0,13,2,0,0,0,0,0,1,0,0,0,0,False,True,True,False,False,False,False,False,True,False,False,True,False,False,False,False,False,True,False,False,False,False,True,False,False,False,False,True,False,False,False,False,False,False,False,False,False,False,False,False,False,True,False,False,True,False,False,False,False,False,False,False,False,False,True,False,False,False,False,False,False,False,False,False,False,False
31969,2013,surveillance and security,C#,15.0,47.0,47.0,3.1,3.1,1.3,1.3,12.0,1.0,6,2,0,1,1,1,0,0,1,1,1,1,True,False,True,False,False,False,False,False,True,False,False,False,False,False,False,True,False,True,False,False,False,False,False,True,False,False,False,False,False,False,False,False,True,False,False,True,False,False,False,False,False,False,False,False,True,False,False,False,False,False,False,False,False,False,True,False,False,False,False,False,False,False,False,False,False,False
32060,2009,financial transaction process/accounting,COBOL,1252.0,14437.0,14437.0,11.5,11.5,12.3,2.2,11.9,3.0,3,0,0,1,0,0,0,0,0,0,0,0,True,False,True,False,False,False,False,False,True,False,False,True,False,False,False,False,False,True,False,False,False,True,False,False,False,False,True,False,False,False,False,False,False,False,False,False,False,False,False,False,False,False,False,True,True,False,False,False,False,False,True,False,False,False,False,False,False,False,False,False,False,False,False,False,False,False
32095,2007,missing,C#,567.0,13576.0,13576.0,23.9,23.9,8.7,2.2,65.0,3.0,10,1,0,1,0,0,0,0,0,0,0,0,True,False,True,False,False,False,False,False,False,True,False,False,False,False,True,False,False,True,False,False,False,False,True,False,False,False,False,False,True,False,False,False,False,False,False,False,False,False,False,False,False,False,False,True,True,False,False,False,False,True,False,False,False,False,False,False,False,False,False,False,False,False,False,False,False,False
32099,2006,financial transaction process/accounting,COBOL,221.0,5344.0,5344.0,24.2,24.2,25.4,2.2,8.7,3.0,3,0,0,1,0,0,0,0,0,0,0,0,True,False,True,False,False,False,False,False,True,False,False,True,False,False,False,False,False,True,False,False,False,False,True,False,False,False,False,True,False,False,False,False,False,False,False,False,False,False,False,False,False,False,False,True,True,False,False,False,False,False,True,False,False,False,False,False,False,False,False,False,False,False,False,False,False,False
32107,2013,business application,.Net,499.0,11346.0,11346.0,22.7,22.7,53.1,2.2,9.4,3.0,2,0,0,1,0,0,0,0,0,0,0,0,True,False,True,False,False,False,False,False,False,True,False,False,False,True,False,False,False,False,True,False,False,False,True,False,False,False,False,False,True,False,False,False,False,False,False,False,False,False,False,False,False,False,False,True,True,False,False,False,False,False,True,False,False,False,False,False,False,False,False,False,False,False,False,False,False,False
32148,2009,financial transaction process/accounting,Java,25.0,611.0,611.0,24.4,24.4,3.8,2.2,6.6,3.0,3,0,0,1,0,0,0,0,0,0,0,0,True,False,True,False,False,False,False,False,True,False,False,True,False,False,False,False,False,True,False,False,False,False,False,True,False,False,False,False,False,False,False,False,True,False,False,False,False,False,False,False,False,False,False,True,True,False,False,False,False,False,True,False,False,False,False,False,False,False,False,False,False,False,False,False,False,False
32529,2007,financial transaction process/accounting,C++,237.0,2944.0,2944.0,12.4,12.4,5.4,2.2,44.0,3.0,3,0,0,1,0,0,0,0,0,0,0,0,True,False,True,False,False,False,False,False,False,True,False,False,False,False,False,True,False,True,False,False,False,False,True,False,False,False,False,True,False,False,False,False,False,False,False,False,False,False,False,False,False,False,False,True,True,False,False,False,False,False,True,False,False,False,False,False,False,False,False,False,False,False,False,False,False,False
32659,2010,business application,ASP.Net,160.0,2970.0,2970.0,18.6,18.6,69.6,2.2,2.3,3.0,2,0,0,1,0,0,0,0,0,0,0,0,True,False,True,False,False,False,False,False,False,True,False,False,False,True,False,False,False,False,True,False,False,False,True,False,False,False,False,True,False,False,False,False,False,False,False,False,False,False,False,False,False,False,False,True,True,False,False,False,False,False,True,False,False,False,False,False,False,False,False,False,False,False,False,False,False,False
32714,2008,financial transaction process/accounting,Visual FoxPro,156.0,1232.0,1232.0,7.9,7.9,25.2,2.2,6.2,3.0,3,0,0,1,0,0,0,0,0,0,0,0,True,False,True,False,False,False,False,False,True,False,False,False,False,False,False,True,False,False,True,False,False,False,True,False,False,False,False,True,False,False,False,False,False,False,False,False,False,False,False,False,False,False,False,True,True,False,False,False,False,False,True,False,False,False,False,False,False,False,False,False,False,False,False,False,False,False
32725,2013,surveillance and security,C#,16.0,42.0,42.0,2.6,2.6,1.3,1.3,12.0,1.0,6,2,0,1,1,1,0,0,1,1,1,1,True,False,True,False,False,False,False,False,True,False,False,False,False,False,False,True,False,True,False,False,False,False,False,True,False,False,False,False,False,False,False,False,True,False,False,True,False,False,False,False,False,False,False,False,True,False,False,False,False,False,False,False,False,False,True,False,False,False,False,False,False,False,False,False,False,False
26946,1991,missing,COBOL,86.0,419.0,419.0,4.9,4.9,26.8,,6.0,7.0,2,0,0,0,0,0,0,1,0,0,0,0,False,True,False,False,False,False,False,True,False,True,False,True,False,False,False,False,False,True,False,False,False,False,False,False,False,False,False,False,False,False,True,False,False,False,False,False,False,False,False,False,False,False,False,True,False,False,True,False,False,False,False,False,False,False,True,True,False,False,True,False,False,False,True,False,False,True
29816,1997,customer billing/relationship management,COBOL,130.0,3904.0,3904.0,30.0,30.0,3.3,,39.0,7.0,3,1,0,1,0,0,0,0,0,0,0,0,True,False,False,False,False,False,True,False,False,True,False,True,False,False,False,False,False,True,False,False,False,False,False,False,False,False,False,True,False,False,False,False,False,False,False,False,False,False,False,False,False,False,False,True,False,False,False,False,True,False,True,False,False,False,False,False,True,False,False,False,True,True,False,False,False,True
29863,1999,missing,Missing,124.0,447.0,447.0,3.6,3.6,15.5,,8.0,7.0,3,0,0,1,0,0,0,0,0,0,0,0,True,False,False,False,False,False,False,True,False,True,False,False,True,False,False,False,False,True,False,False,False,False,False,False,False,False,False,True,False,False,False,False,False,False,False,False,False,False,False,False,False,False,False,True,False,False,True,False,False,False,True,False,False,False,False,False,True,False,True,False,False,False,True,False,True,False
23002,2001,financial transaction process/accounting,Missing,61.0,782.0,782.0,12.8,12.8,26.8,,6.0,7.0,2,0,0,0,0,0,0,1,0,0,0,0,False,True,False,False,False,False,True,False,True,False,False,True,False,False,False,False,False,False,False,False,True,False,False,False,False,False,False,False,False,False,True,False,False,False,False,False,False,False,False,False,False,False,False,True,False,False,True,False,False,False,True,False,False,False,False,False,True,False,True,False,False,False,True,False,False,True
13626,2003,missing,Java,384.0,999.0,999.0,2.6,2.6,38.4,,10.0,7.0,7,2,0,1,0,0,0,0,0,0,0,0,True,False,False,False,False,False,False,True,True,False,False,False,False,False,True,False,False,True,False,False,False,False,False,False,False,False,False,False,True,False,False,False,False,False,False,False,False,False,False,False,False,False,False,True,False,False,False,False,True,False,True,False,False,False,False,False,True,False,True,False,False,False,True,False,True,False
24481,2005,financial transaction process/accounting,Java,7.0,149.0,149.0,21.3,21.3,26.8,,6.0,7.0,3,0,0,1,0,0,0,0,0,0,0,0,True,False,False,False,False,False,True,False,True,False,False,False,False,False,False,True,False,True,False,False,False,False,False,False,False,False,False,False,False,False,False,False,False,False,True,False,False,False,False,False,False,False,False,True,False,False,True,False,False,False,True,False,False,False,False,False,True,False,True,False,False,False,True,False,True,False
15090,1993,missing,PL/I,103.0,198.0,218.0,1.9,2.1,34.3,,3.0,4.0,2,0,0,0,0,0,0,1,0,0,0,0,False,True,False,False,False,False,False,True,False,True,False,True,False,False,False,False,False,True,False,False,False,False,False,False,False,False,False,False,False,True,False,False,False,False,False,False,False,False,False,True,False,False,False,False,False,False,True,False,False,False,False,False,False,False,True,False,False,True,True,False,False,False,True,False,False,True
19557,2000,missing,Java,336.0,4125.0,4125.0,12.3,12.3,37.3,,9.0,7.0,4,2,0,1,0,0,0,0,0,0,0,0,True,False,False,False,False,False,False,True,False,True,False,False,True,False,False,False,False,True,False,False,False,False,False,False,False,False,False,False,True,False,False,False,False,False,False,False,False,False,False,False,False,False,False,True,False,False,True,False,False,False,True,False,False,False,False,False,True,False,True,False,False,False,True,False,True,False
32291,2002,financial transaction process/accounting,VisualAge,152.0,2873.0,3166.0,18.9,20.8,13.8,,11.0,9.0,15,4,0,1,0,0,0,0,0,0,0,0,True,False,False,False,False,False,True,False,False,False,True,False,False,True,False,False,False,True,False,False,False,False,False,False,False,False,False,True,False,False,False,False,False,False,False,False,False,False,False,False,False,False,True,False,False,False,True,False,False,True,False,False,False,False,False,True,False,False,False,True,False,False,False,True,True,False
26013,1998,missing,VisualAge,461.0,9391.0,9391.0,20.4,20.4,76.8,,6.0,7.0,6,2,0,1,0,0,0,0,0,0,0,0,True,False,False,False,False,False,False,True,False,True,False,False,True,False,False,False,False,False,True,False,False,False,False,False,False,False,False,False,True,False,False,False,False,False,False,False,False,False,False,False,False,False,False,True,False,False,True,False,False,False,True,False,False,False,False,False,True,False,True,False,False,False,True,False,True,False
32502,2000,financial transaction process/accounting,SAPIENS,101.0,1101.0,1101.0,10.9,10.9,33.7,,3.0,7.0,3,0,0,1,0,0,0,0,0,0,0,0,True,False,False,False,False,False,True,False,False,True,False,True,False,False,False,False,False,False,False,False,True,False,False,False,False,False,False,True,False,False,False,False,False,False,False,False,False,False,False,False,False,False,False,True,False,False,False,False,True,False,True,False,False,False,False,False,True,False,False,True,False,True,False,False,False,True
17561,2000,financial transaction process/accounting,SAPIENS,21.0,840.0,840.0,40.0,40.0,7.0,,3.0,7.0,3,0,0,1,0,0,0,0,0,0,0,0,True,False,False,False,False,False,True,False,True,False,False,True,False,False,False,False,False,False,False,False,True,False,False,False,False,False,False,False,False,False,False,False,True,False,False,False,False,False,False,False,False,False,False,True,False,False,False,False,True,False,True,False,False,False,False,False,True,False,False,True,False,True,False,False,False,True
23066,2000,financial transaction process/accounting,MAPPER,44.0,326.0,326.0,7.4,7.4,27.5,,1.6,7.0,3,0,0,1,0,0,0,0,0,0,0,0,True,False,False,False,False,False,True,False,True,False,False,True,False,False,False,False,False,False,False,False,True,False,False,False,False,False,False,False,False,False,True,False,False,False,False,False,False,False,False,False,False,False,False,True,False,False,False,False,True,False,True,False,False,False,False,False,True,False,False,True,False,True,False,False,False,True
15016,2002,financial transaction process/accounting,"Shell, C",90.0,2061.0,2061.0,22.9,22.9,26.8,,6.0,7.0,2,0,0,0,0,0,0,1,0,0,0,0,False,True,False,False,False,False,True,False,True,False,False,True,False,False,False,False,False,True,False,False,False,False,False,False,False,False,False,False,False,False,True,False,False,False,False,False,False,False,False,False,False,False,False,True,False,False,True,False,False,False,True,False,False,False,False,False,True,False,True,False,False,False,True,False,False,True
27084,2002,financial transaction process/accounting,"Shell, C",274.0,3627.0,3627.0,13.2,13.2,26.8,,6.0,7.0,2,0,0,0,0,0,0,1,0,0,0,0,False,True,False,False,False,False,True,False,True,False,False,True,False,False,False,False,False,True,False,False,False,False,False,False,False,False,False,True,False,False,False,False,False,False,False,False,False,False,False,False,False,False,False,True,False,False,True,False,False,False,True,False,False,False,False,False,True,False,True,False,False,False,True,False,False,True
15561,2002,financial transaction process/accounting,"Shell, C",112.0,1597.0,1597.0,14.3,14.3,26.8,,6.0,7.0,2,0,0,0,0,0,0,1,0,0,0,0,False,True,False,False,False,False,True,False,True,False,False,True,False,False,False,False,False,True,False,False,False,False,False,False,False,False,False,True,False,False,False,False,False,False,False,False,False,False,False,False,False,False,False,True,False,False,True,False,False,False,True,False,False,False,False,False,True,False,True,False,False,False,True,False,False,True
25715,2002,financial transaction process/accounting,Pro*C,344.0,13171.0,13171.0,38.3,38.3,34.4,,10.0,10.0,3,0,0,1,0,0,0,0,0,0,0,0,True,False,False,False,False,False,True,False,False,True,False,False,True,False,False,False,False,True,False,False,False,False,False,False,False,False,False,False,True,False,False,False,False,False,False,False,False,False,False,False,False,False,True,False,False,False,False,False,True,False,True,False,False,False,False,False,True,False,False,True,False,True,False,False,False,True
14438,2002,financial transaction process/accounting,Jam,368.0,953.0,953.0,2.6,2.6,26.8,,6.0,7.0,2,0,0,0,0,0,0,1,0,0,0,0,False,True,False,False,False,False,True,False,True,False,False,True,False,False,False,False,False,False,False,False,True,False,False,False,False,False,False,False,True,False,False,False,False,False,False,False,False,False,False,False,False,False,False,True,False,False,True,False,False,False,True,False,False,False,False,False,True,False,True,False,False,False,True,False,False,True
30928,2001,missing,Visual C++,44.0,1039.0,1039.0,23.6,23.6,14.7,,3.0,7.0,3,0,0,0,0,0,0,1,0,0,0,0,False,True,False,False,False,False,False,True,True,False,False,False,False,False,True,False,False,False,True,False,False,False,False,False,False,False,False,False,False,False,True,False,False,False,False,False,False,False,False,False,False,False,False,True,False,False,False,False,True,False,False,False,True,False,False,False,True,False,False,True,False,False,False,True,False,True
21383,2001,financial transaction process/accounting,HLL/WB,222.0,541.0,541.0,2.4,2.4,65.3,,3.4,7.0,3,1,0,1,0,0,0,0,0,0,0,0,True,False,False,False,False,False,True,False,True,False,False,True,False,False,False,False,False,False,False,False,True,False,False,False,False,False,False,True,False,False,False,False,False,False,False,False,False,False,False,False,False,False,False,True,False,False,False,False,True,False,True,False,False,False,False,False,True,False,False,False,True,True,False,False,False,True
23643,2001,financial transaction process/accounting,HLL/WB,24.0,209.0,209.0,8.7,8.7,12.0,,2.0,7.0,3,1,0,1,0,0,0,0,0,0,0,0,True,False,False,False,False,False,True,False,True,False,False,True,False,False,False,False,False,False,False,False,True,False,False,False,False,False,False,False,False,False,False,False,True,False,False,False,False,False,False,False,False,False,False,True,False,False,False,False,True,False,True,False,False,False,False,False,True,False,False,False,True,True,False,False,False,True
23161,2001,financial transaction process/accounting,HLL/WB,100.0,2237.0,2237.0,22.4,22.4,22.7,,4.4,7.0,3,1,0,1,0,0,0,0,0,0,0,0,True,False,False,False,False,False,True,False,True,False,False,True,False,False,False,False,False,False,False,False,True,False,False,False,False,False,False,True,False,False,False,False,False,False,False,False,False,False,False,False,False,False,False,True,False,False,False,False,True,False,True,False,False,False,False,False,True,False,False,False,True,True,False,False,False,True
27318,2000,missing,JavaScript,434.0,1593.0,714.0,11.2,1.6,54.3,,8.0,3.0,2,4,0,0,0,0,0,1,0,0,0,0,False,True,False,False,False,False,False,True,False,True,False,False,False,False,False,True,False,True,False,False,False,False,False,False,False,False,False,False,True,False,False,False,False,False,False,False,False,False,False,True,False,False,False,False,False,False,True,False,False,False,True,False,False,False,False,False,True,False,False,False,True,False,True,False,False,True
19233,2011,cards and payments,Java,435.0,9906.0,10531.0,22.8,24.2,54.4,,8.0,33.0,3,0,0,1,0,0,0,0,0,0,0,0,True,False,False,False,False,False,True,False,False,True,False,False,False,False,False,True,False,True,False,False,False,False,False,False,False,False,False,False,True,False,False,False,False,False,False,False,False,False,False,False,True,False,False,False,False,True,False,False,False,False,False,False,False,False,True,False,True,False,True,False,False,False,True,False,True,False
16089,2011,cards and payments,Java,331.0,8960.0,9585.0,27.1,29.0,36.8,,9.0,30.0,3,0,0,1,0,0,0,0,0,0,0,0,True,False,False,False,False,False,True,False,False,True,False,False,False,False,False,True,False,True,False,False,False,False,False,False,False,False,False,False,True,False,False,False,False,False,False,False,False,False,True,False,False,False,False,False,False,True,False,False,False,False,False,False,False,False,True,False,True,False,True,False,False,False,True,False,True,False
14832,2007,electronic data interchange,C++,316.0,23760.0,23760.0,75.2,75.2,10.5,,30.0,6.0,11,0,0,0,0,0,0,1,0,0,0,0,False,True,False,False,False,False,True,False,False,True,False,True,False,False,False,False,False,True,False,False,False,False,False,False,False,False,False,False,True,False,False,False,False,False,False,False,False,False,False,False,False,True,False,False,False,False,False,True,False,True,False,False,False,False,False,False,True,False,False,True,False,False,False,True,True,False
